formula,pred_stability,pred_bandgap,non_metal_confidence,promise_score
NbSn,-0.005372043838596814,0.0,0.19918993886333125,0.00023603113355846303
InSn2As5,0.16684335914965243,0.0,0.1993010637286411,0.0
In(SnAs2)2,0.19926487603310217,0.0,0.31790588143162357,0.0
InSn2As3,0.33689814455775785,2.230229750514594,0.6451806884074682,0.0
InSnAs3,0.14957254987734156,0.0,0.12933632645205073,0.0
InSnAs2,0.5368134901662769,0.0,0.4365756865350715,0.0
InSnAs,0.33552231836679547,0.0,0.2740647511316795,0.0
InSn,0.15921384382719875,0.0,0.18141027769077078,0.0
Al(Sn5As8)2,0.12569439055730572,0.0,0.3908914197369524,0.0
SiSnAs3,0.014822379709212484,0.0,0.47667446329086127,0.0
Al(Sn3As5)3,0.14226096148065281,0.0,0.24213135983350775,0.0
AlSn9As14,0.12274598907710807,0.0,0.41929534740219265,0.0
Al(Sn4As7)2,0.1435795260326681,0.0,0.2282851461514881,0.0
AlSn8As13,0.1253590449176558,0.0,0.3987331152985438,0.0
AlSn7As13,0.14351904656244008,0.0,0.2510805256836026,0.0
AlSn7As12,0.13348699976974418,0.0,0.30607123694814053,0.0
AlSn7As11,0.1309631534577081,0.0,0.39985184829317355,0.0
AlSn6As11,0.15217658631641837,0.0,0.2341185995345737,0.0
Al(Sn3As5)2,0.126077002847702,0.0,0.34918473709075215,0.0
Al(Sn2As3)3,0.11834618588512816,1.9837444917670417,0.5159773183462255,0.0
AlSn9As16,0.14325947985669113,0.0,0.2510805256836026,0.0
SiSnAs2,0.39726826639439317,2.0530416637078046,0.8281195514376087,0.0
SiSnAs,0.1143033748594374,2.146634413383871,0.6482249363432603,0.0
In(Sn5As8)2,0.1372563155865754,0.0,0.25569862634051976,0.0
InSn9As16,0.1547858736700211,0.0,0.1521628107635291,0.0
In(Sn3As5)3,0.15378735529398266,0.0,0.14605176327254432,0.0
InSn9As14,0.13430791410637768,0.0,0.27877492583404784,0.0
In(Sn4As7)2,0.15129343026821496,0.0,0.13670874332799876,0.0
InSn8As13,0.13280954845497747,0.0,0.2619947665561493,0.0
InSn7As13,0.15315720266479296,0.0,0.1521628107635291,0.0
InSn3As5,0.1486776422354352,0.0,0.37666805380031554,0.0
InSn7As11,0.14368369509689094,0.0,0.2628975968256567,0.0
InSn6As11,0.1597029140924174,0.0,0.14062854208961106,0.0
In(Sn3As5)2,0.14297497970859754,0.0,0.22313241976214582,0.0
In(SnAs2)5,0.16003634818690157,0.0,0.1521628107635291,0.0
InSn5As9,0.1470180526279895,0.0,0.18677628279506897,0.0
InSn5As8,0.14107252977648008,0.0,0.27245332737509254,0.0
In(SnAs2)4,0.16029585990624207,0.0,0.15282926154798515,0.0
InSn4As7,0.14069220889066986,0.0,0.23734436888481159,0.0
In(Sn2As3)2,0.14136416386987627,0.0,0.39024549571194234,0.0
In(SnAs2)3,0.14921713432345984,0.0,0.16102919127182191,0.0
InSn7As12,0.14148107937906965,0.0,0.1910145658802117,0.0
ZnSn6As11,0.1540586891974864,0.0,0.3460798455492363,0.0
Zn(Sn3As5)2,0.1297219248995825,0.0,0.4678141571392632,0.0
Zn(Sn2As3)3,0.12419828534543426,1.9431558499767554,0.6359049429213047,0.0
ZnSn5As9,0.1366555122547015,0.0,0.4127734418792033,0.0
ZnSn5As8,0.12533298709756746,0.0,0.4743607280521902,0.0
Zn(SnAs2)4,0.14933351242810455,0.0,0.30300748014659595,0.0
ZnSn4As7,0.12181244947154056,0.0,0.49924684096186245,0.0
Zn(Sn2As3)2,0.10719198712168483,2.13208990775933,0.5431327994565782,0.0
Zn(SnAs2)3,0.12280075937498056,0.0,0.26282270479734837,0.0
AlSn5As9,0.13363772285838024,0.0,0.3002274705436079,0.0
ZnSn3As4,0.21207068113656388,1.456780435710619,0.5749500456362944,0.0
Zn(SnAs2)2,0.15368611088230671,0.0,0.42300335623785323,0.0
ZnSn2As3,0.2825717726260637,1.2755646355354588,0.6080178967253698,0.0
ZnSnAs3,0.10567801580719252,0.0,0.3495489748346442,0.0
ZnSnAs,0.2739089785077665,1.7030344276106115,0.6634927236408743,0.0
ZnSn,0.12198039185312043,0.0,0.26081860575815274,0.0
Sn10TeAs16,0.1389101796549943,0.0,0.4412987503844281,0.0
Sn9TeAs16,0.15643973773844003,0.0,0.25694976703444883,0.0
Sn9TeAs15,0.15544121936240157,0.0,0.2405905727187786,0.0
Sn9TeAs14,0.13425618485748655,0.0,0.4532556351317778,0.0
ZnSn3As5,0.10310883359184606,2.0841362371881074,0.5413871569579123,0.0
AlSn5As8,0.11948474145480269,0.0,0.20522954814428096,0.0
Al(SnAs2)4,0.14510979862099085,0.0,0.11577869789036221,0.0
AlSn4As7,0.11393378674511015,0.0,0.17442240497196837,0.0
Al(Sn2As3)2,0.10380951312237709,0.0,0.2661792475044663,0.0
Al(SnAs2)3,0.1292756915536736,0.0,0.10600395429555787,0.0
AlSn3As5,0.10743248197736326,0.0,0.3168184486733605,0.0
AlSn3As4,0.2136014625614047,0.0,0.3104937462139833,0.0
Al(SnAs2)2,0.15944634734664842,0.0,0.208250463991431,0.0
AlSn2As3,0.285841181814152,0.0,0.4102208675259589,0.0
ZnSn7As11,0.1328807875547155,2.1596211466745996,0.5218911531667039,0.0
AlSnAs2,0.4812339754061135,1.6815345648192808,0.5096674929248959,0.0
AlSnAs,0.26679364127500993,0.0,0.3013945470992959,0.0
Zn(Sn5As8)2,0.136946884595694,0.0,0.49554324976451536,0.0
ZnSn9As16,0.15447644267913974,0.0,0.33914235439842033,0.0
Zn(Sn3As5)3,0.15360583636147282,0.0,0.32843090291798005,0.0
ZnSn9As14,0.13412639517386782,2.1337611996178003,0.511221073054903,0.0
Zn(Sn4As7)2,0.15492440091348827,0.0,0.31167923659906627,0.0
ZnSn8As13,0.13722094583355662,2.081669626356319,0.5037480933781372,0.0
ZnSn7As13,0.15534541626240134,0.0,0.33914235439842033,0.0
ZnSn7As12,0.14164864609982283,0.0,0.4329886839751237,0.0
AlSnAs3,0.11523801791532881,0.0,0.16438084353861582,0.0
KSn6As11,0.15772295787016907,0.0,0.22229010829263618,0.0
K(Sn3As5)2,0.13720749146992084,0.0,0.3340785781268035,0.0
K(Sn2As3)3,0.13184796619678138,0.0,0.4726987761877187,0.0
KSn5As9,0.14520369029956962,0.0,0.20537401011271927,0.0
KSn5As8,0.13408396477866075,0.0,0.36512198558157827,0.0
K(SnAs2)4,0.1609025900396553,0.0,0.28394896113832324,0.0
KSn4As7,0.13809316999427293,0.0,0.4062063659935954,0.0
K(Sn2As3)2,0.1271456773029494,2.235982616445967,0.6504765328753497,0.0
K(SnAs2)3,0.14971503183147686,0.0,0.3539716825498024,0.0
SiSn2As3,0.2542559402020918,1.8672653174029274,0.6821297486104811,0.0
KSn3As4,0.23851910797841802,2.0363403829405993,0.5111884615087265,0.0
K(SnAs2)2,0.1817757950786247,0.0,0.3356735875844361,0.0
KSn2As3,0.3130870179905678,1.9192652071350467,0.5637792137900335,0.0
K(SnAs)2,0.31454036767413035,2.16757709368518,0.700891640852693,0.0
KSn2As,0.496578403833271,2.2951571109788604,0.7451697828370953,0.0
Nb(Sn5As8)2,0.13410974548360793,0.0,0.35126651556378097,0.0
NbSn9As16,0.15133446302629286,0.0,0.22049780308084266,0.0
Nb(Sn3As5)3,0.1506407851910152,0.0,0.21232964074721172,0.0
NbSn8As15,0.1508931044711118,0.0,0.20283251679917536,0.0
Nb(Sn4As7)2,0.15078791222901133,0.0,0.19973848235383096,0.0
KSn3As5,0.13141760157976895,2.2513611957073754,0.5026993075382953,0.0
Sn4As8W,0.1754062481360973,0.0,0.3559309349364951,0.0
Sn4As7W,0.15059772423659473,2.212587468316153,0.5527983199447217,0.0
Sn4As6W,0.13993124720307965,0.0,0.48801730435092183,0.0
Sn3As6W,0.15968231698934274,0.0,0.2646877766215432,0.0
Sn3As5W,0.13807955136383648,0.0,0.44883978901271904,0.0
Sn2As5W,0.17463355059007823,0.0,0.23449561515173867,0.0
Sn2As4W,0.1887290800051027,0.0,0.29148081950058946,0.0
Sn2As3W,0.320836609379377,1.9019867890959068,0.5853554275024611,0.0
SnAs3W,0.14264412950942676,0.0,0.4355383616236246,0.0
KSn7As11,0.1365399649313195,0.0,0.3838465487838385,0.0
SnAsW,0.3099748507086947,2.1638537625645315,0.5257421101161512,0.0
SnW,0.16322246670877807,0.0,0.383850981867351,0.0
K(Sn5As8)2,0.14044409538521888,0.0,0.3847806641467312,0.0
KSn9As16,0.15797365346866468,0.0,0.24627172656349505,0.0
K(Sn3As5)3,0.15697513509262623,0.0,0.23743961830201354,0.0
KSn9As14,0.13749569390502125,0.0,0.40303442631257835,0.0
K(Sn4As7)2,0.15829369964464168,0.0,0.21666800321332447,0.0
KSn8As13,0.13978471926310546,0.0,0.38274403764102427,0.0
K(Sn2As3)4,0.1371007296006525,0.0,0.3838465487838385,0.0
KSn7As12,0.14531291477250552,0.0,0.2919934097123883,0.0
SnAs2W,0.5289332395876096,2.0150080691649075,0.6639700491786205,0.0
Si(Sn3As5)3,0.1362628731169864,0.0,0.20972523076249694,0.0
SiSn8As15,0.13682003293784376,0.0,0.2003149723069294,0.0
Si(Sn4As7)2,0.13774649725976948,0.0,0.19724983845628752,0.0
SiSn8As13,0.1184135965654952,0.0,0.35519079864803127,0.0
SiSn7As13,0.13653806699434007,0.0,0.21782090966933254,0.0
SiSn7As12,0.12388921468850245,0.0,0.2681352535730277,0.0
SiSn7As11,0.11517148730116801,0.0,0.46963279511241374,0.0
SiSn6As11,0.1368305622577484,0.0,0.2888993621658077,0.0
Si(Sn3As5)2,0.11690473891564573,0.0,0.416256316720778,0.0
NbSn8As13,0.13230403041577388,0.0,0.35878152164949373,0.0
SiSn5As9,0.12062112823965905,0.0,0.36314241811706616,0.0
SiSn5As8,0.10956122036572123,2.2600994113225563,0.5422733487333631,0.0
Si(SnAs2)4,0.1385500347410599,0.0,0.30933348519781956,0.0
SiSn4As7,0.1127848291433692,0.0,0.49610367559869917,0.0
SiSn3As7,0.14048538549165945,0.0,0.320423685492213,0.0
Si(SnAs2)3,0.12012653923275513,0.0,0.3778035820626299,0.0
SiSn3As5,0.0845856702881086,2.4485006117112342,0.6613254282926104,0.0
SiSn2As5,0.11522925378818105,0.0,0.278575540343468,0.0
Si(SnAs2)2,0.12147602817808677,2.301577546573417,0.545513520403553,0.0
Sn10As16Se,0.1369801794453124,0.0,0.48273715170267406,0.0
Si(SnAs2)5,0.13734548685810197,0.0,0.30823286883765055,0.0
NbSn7As13,0.1501236603038578,0.0,0.22049780308084266,0.0
NbSn7As12,0.1377796485387811,0.0,0.21463097651051055,0.0
NbSn7As11,0.12900644832289035,0.0,0.23002093498145249,0.0
NbSn6As11,0.1501843499656612,0.0,0.12054173587004735,0.0
Nb(Sn3As5)2,0.12898117784522867,0.0,0.19392031618425798,0.0
Nb(SnAs2)5,0.14909040111136948,0.0,0.13067902253030572,0.0
NbSn5As9,0.12267323313781879,0.0,0.16133539735780988,0.0
NbSn5As8,0.07460321391252536,0.0,0.25348188225227153,0.0
Nb(SnAs2)4,0.09878380516520306,0.0,0.1447420958596055,0.0
SiSn9As16,0.1372613914930248,0.0,0.21782090966933254,0.0
Nb(Sn2As3)2,0.04588912578411864,0.0,0.41708197668301294,0.0
Nb(SnAs2)3,0.044430697433131966,0.0,0.1719904854678448,0.0
NbSn3As5,0.019480553267869148,0.0,0.35243694009920623,0.0
NbSn2As5,0.05391454734424753,0.0,0.16653485433690185,0.0
Nb(SnAs2)2,0.07296060070584141,0.0,0.23235272283148634,0.0
NbSn2As3,0.2223493496790865,0.0,0.32300948888967285,0.0
NbSnAs3,0.02222248908111115,0.0,0.1450819195251638,0.0
NbSnAs2,0.5186913090402139,2.1213804519263,0.5425657933624293,0.0
NbSnAs,0.17435449796304942,0.0,0.43612262737084073,0.0
Si(Sn5As8)2,0.11973183340957888,0.0,0.3477102192682734,0.0
NbSn4As7,0.059643854876235254,0.0,0.2581171408479632,0.0
Mn(Sn3As5)2,0.3083285452396678,0.0,0.3767002028257347,0.0
Mn(SnAs2)5,0.32837359356450535,0.0,0.274121538709694,0.0
MnSn5As9,0.3184927628645244,0.0,0.32581646382156904,0.0
MnSn5As8,0.3073781286396941,0.0,0.44070920427336246,0.0
Mn(SnAs2)4,0.3372226189896235,0.0,0.2751487993264322,0.0
MnSn4As7,0.30957734324845876,0.0,0.3957111146735859,0.0
Mn(Sn2As3)2,0.3006368516564508,2.4681201275665123,0.6003021984318635,0.0
Mn(SnAs2)3,0.31149366831050973,0.0,0.24623538475325957,0.0
MnSn3As5,0.2946811129739848,2.307179728366513,0.5420377660209079,0.0
Sn8TeAs14,0.15505419059710704,0.0,0.22680610013607716,0.0
Mn(SnAs2)2,0.3418116795203999,0.0,0.44074591572691935,0.0
MnSn2As3,0.3984508942624481,1.9168817846033304,0.6032300817735508,0.0
MnSnAs3,0.29867044917218183,0.0,0.27645713832771057,0.0
MnSnAs2,0.5686718782086365,2.0570274544125198,0.7055025201669127,0.0
MnSnAs,0.4361082361642305,2.2051612713378876,0.7396068211431963,0.0
Na(Sn5As8)2,0.13561638591313985,0.0,0.40057906724956727,0.0
NaSn9As16,0.15309395976347806,0.0,0.25877525285198677,0.0
Na(Sn3As5)3,0.15168154271116976,0.0,0.2496432481370615,0.0
NaSn8As15,0.15223870253202718,0.0,0.20881938142784928,0.0
Na(Sn4As7)2,0.15392210368165232,0.0,0.20565758291824043,0.0
MnSn2As5,0.326554026917432,0.0,0.302906823289649,0.0
Cu(SnAs2)4,0.18684520852706496,0.0,0.008121078121839598,0.0
CuSn4As7,0.16260167298755657,0.0,0.017644669951633052,0.0
Cu(Sn2As3)2,0.1509738344159826,0.0,0.03571278969489167,0.0
Cu(SnAs2)3,0.1716353577845392,0.0,0.010207376497979426,0.0
CuSn3As5,0.15189279614055073,0.0,0.04730807461233677,0.0
CuSn2As5,0.1860153745905585,0.0,0.014765417267659009,0.0
Cu(SnAs2)2,0.20218735473058683,0.0,0.024703657153091196,0.0
CuSn2As3,0.3428759100851471,0.0,0.09838662557640043,0.0
CuSnAs3,0.15327420026318875,0.0,0.01581353424611598,0.0
MnSn6As11,0.3288654548711211,0.0,0.2561354114599059,0.0
CuSnAs,0.3297653878088878,0.0,0.0759414274885577,0.0
Mn(Sn5As8)2,0.13921774038422716,0.0,0.40103091158629234,0.0
MnSn9As16,0.15681356396621945,0.0,0.25913629445068065,0.0
Mn(Sn3As5)3,0.155815045590181,0.0,0.24999584600009672,0.0
MnSn9As14,0.30868780821237246,0.0,0.42965191101603417,0.0
Mn(Sn4As7)2,0.331988271242743,0.0,0.24993239420861701,0.0
MnSn8As13,0.31350438942950526,0.0,0.42758776739296245,0.0
MnSn7As13,0.3316288598583502,0.0,0.274121538709694,0.0
MnSn7As12,0.31898000755251255,0.0,0.3319220545867332,0.0
MnSn7As11,0.31021214900740524,0.0,0.4287297317845269,0.0
CuSnAs2,0.5467522377395463,0.0,0.2146574226092436,0.0
Ni(Sn3As5)3,0.15971255390708222,0.0,0.2060919184343747,0.0
NiSn9As14,0.14023311271947717,0.0,0.3697516334987969,0.0
Ni(Sn4As7)2,0.16103111845909768,0.0,0.19377965657886387,0.0
NiSn8As13,0.14254723664586014,0.0,0.3391204035656734,0.0
NiSn7As13,0.16023940464870948,0.0,0.19298256021563698,0.0
NiSn7As12,0.14759055234287174,0.0,0.2869955855534979,0.0
NiSn7As11,0.13882269379776466,0.0,0.38606951864190975,0.0
NiSn6As11,0.16000059544053552,0.0,0.22391747257857053,0.0
Ni(Sn3As5)2,0.13973985494348595,0.0,0.414414682598062,0.0
NaSn8As13,0.13549020610152226,0.0,0.3672508285664423,0.0
NiSn5As9,0.14756684819604698,0.0,0.41794643833991874,0.0
NiSn5As8,0.13645221397121704,0.0,0.45199235859311016,0.0
Ni(SnAs2)4,0.16073413542578424,0.0,0.2451040409913584,0.0
NiSn4As7,0.1346130554339855,0.0,0.4963796622807646,0.0
Ni(Sn2As3)2,0.1239026352571683,2.042002864489627,0.7482160489580141,0.0
Ni(SnAs2)3,0.14563598639567227,0.0,0.3407061450167018,0.0
NiSn3As5,0.12558484171185097,2.068422421416219,0.6636098871047185,0.0
NiSn2As5,0.16030633934712635,0.0,0.1848625139800888,0.0
Ni(SnAs2)2,0.17667250275651175,0.0,0.3711873997716736,0.0
NiSn2As3,0.3104337449166154,1.6007729630713494,0.517485397683577,0.0
Ni(Sn2As3)3,0.1342162153893377,1.9108317425487384,0.5728661955937544,0.0
NaSn7As13,0.15356269229725955,0.0,0.22685769773222475,0.0
NaSn7As12,0.1409138399914221,0.0,0.34142611130273237,0.0
NaSn7As11,0.1309790464277653,0.0,0.43918349810770774,0.0
NaSn6As11,0.15210496383742872,0.0,0.26432802070632233,0.0
Na(Sn3As5)2,0.1328448228070246,0.0,0.3867441849373757,0.0
Na(SnAs2)5,0.1540317424749725,0.0,0.2826708288246442,0.0
NaSn5As9,0.14263544443273737,0.0,0.33523342119387667,0.0
NaSn5As8,0.13727115662033465,0.0,0.4849085264127133,0.0
Na(SnAs2)4,0.16377930009839956,0.0,0.30756073816068596,0.0
NiSn9As16,0.16071107228312068,0.0,0.21408534047108574,0.0
Na(Sn2As3)2,0.11975623507579615,2.389139110271274,0.5231426348306496,0.0
Na(SnAs2)3,0.13493516957264085,0.0,0.247559099735145,0.0
NaSn3As5,0.1156111221449814,2.262200292988078,0.5274657346898545,0.0
NaSn2As5,0.1494974686256185,0.0,0.29068301130673324,0.0
Na(SnAs2)2,0.1655249552879928,0.0,0.4011072757040983,0.0
NaSn2As3,0.3241690166079803,1.873347741322374,0.6073766828299162,0.0
NaSnAs3,0.14682179078547844,0.0,0.33700184001415523,0.0
NaSnAs2,0.5888731486152844,1.9128314076870638,0.7727689976978822,0.0
NaSnAs,0.36561661797913647,1.9974401414267018,0.673768292036663,0.0
Ni(Sn5As8)2,0.14318151419967473,0.0,0.34272312432011853,0.0
NaSn4As7,0.13907785118909163,0.0,0.43651856484777496,0.0
Sn9As16H,0.15360998198887155,0.0,0.2650844335871182,0.0
Sn9As15H,0.1333140556592986,0.0,0.2558066205094951,0.0
Sn9As14H,0.11383461447169334,0.0,0.4372042759161472,0.0
Sn8As14H,0.13394374821220045,0.0,0.24142751079422475,0.0
Sn8As13H,0.11545986639896265,0.0,0.41639354092182956,0.0
Sn7As13H,0.13439010074325825,0.0,0.2650844335871182,0.0
Sn7As12H,0.1217550128251947,0.0,0.3218242468998743,0.0
Sn7As11H,0.11032468579484256,0.0,0.41752741582010766,0.0
Sn6As11H,0.1323083513530643,0.0,0.24748909453852952,0.0
CuSn5As8,0.16174177331797163,0.0,0.021156270090592177,0.0
Sn6As9H,0.10544203825201183,2.2352384306018345,0.5342168286804228,0.0
Sn5As9H,0.11872538275403804,0.0,0.32432749177584075,0.0
Sn5As8H,0.1076101159073452,0.0,0.43903709933024126,0.0
Sn4As8H,0.13269780127736325,0.0,0.273797340787468,0.0
Sn4As7H,0.10713860421949717,0.0,0.3940894388544318,0.0
Sn4As6H,0.0962993472967685,2.4000928903141125,0.5839244623750557,0.0
Sn3As6H,0.11403728417667161,0.0,0.3035178917541237,0.0
Sn3As5H,0.09376580971549327,2.379888906895665,0.590655414441884,0.0
Sn2As5H,0.1292841320310151,0.0,0.37717455601108596,0.0
Sn2As4H,0.14440806041102688,2.3503126166498434,0.5215505865668838,0.0
Sn6As10H,0.1109656778061601,0.0,0.36598641241355545,0.0
Sn8TeAs13,0.13659162468017944,0.0,0.4396796811647815,0.0
Sn7TeAs13,0.1547160951090241,0.0,0.24950153907099926,0.0
Sn7TeAs12,0.14206724280318664,0.0,0.23807943755489247,0.0
Sn7TeAs11,0.1332993842580793,0.0,0.353380529896932,0.0
Sn6TeAs11,0.15447728590085016,0.0,0.17801036818731186,0.0
Sn6TeAs10,0.13535868339516213,0.0,0.329715728160454,0.0
Sn6TeAs9,0.12983504384101388,0.0,0.48673858884797505,0.0
Sn5TeAs9,0.14318567664772316,0.0,0.24791555225422368,0.0
Sn5TeAs8,0.13207104242289325,0.0,0.38359423003285054,0.0
Sn10As16H,0.13608042390542585,0.0,0.40844046000319756,0.0
Sn4TeAs7,0.13159953073504524,0.0,0.30354852496692364,0.0
Sn4TeAs6,0.12072679014755346,0.0,0.4726666342189676,0.0
Sn3TeAs6,0.14307396443678908,0.0,0.18842009512503688,0.0
Sn3TeAs5,0.12320408547802907,0.0,0.4860992444671792,0.0
Sn2TeAs5,0.15813249613030772,0.0,0.1713920948271478,0.0
Sn2TeAs4,0.17384737392989766,0.0,0.27574452730954113,0.0
Sn2TeAs3,0.30394679335646224,0.0,0.4260208979449296,0.0
SnTeAs3,0.1256184697721907,0.0,0.18105286479926075,0.0
SnTeAs2,0.49484970653929167,1.9195114169652858,0.6200552573970928,0.0
SnTeAs,0.27713966027460224,0.0,0.4865064136225078,0.0
Sn4TeAs8,0.15635296387746045,0.0,0.17912316015319263,0.0
FeSn3As5,0.12324725612093282,0.0,0.4898910498716256,0.0
FeSn2As5,0.1581746290168765,0.0,0.3013996496188981,0.0
Fe(SnAs2)2,0.17388950681646645,0.0,0.39126815277729077,0.0
FeSn2As3,0.30627787829878056,1.65620912544903,0.6043136334573099,0.0
FeSnAs3,0.1276925057234643,0.0,0.41861428961968516,0.0
FeSnAs2,0.5099997131704559,1.8809646479861668,0.776676367058561,0.0
FeSnAs,0.29526474325389845,1.9394040422267937,0.7129217993083112,0.0
Cu(Sn5As8)2,0.1611478123235708,0.0,0.07183558804418821,0.0
CuSn9As16,0.17969825401403863,0.0,0.03623059335848611,0.0
Sn2As3H,0.2789462708098633,1.9082480710658927,0.6695160770698483,0.0
CuSn8As15,0.18345386118769125,0.0,0.025811015287573236,0.0
Cu(Sn4As7)2,0.18515668598633228,0.0,0.025331483217241324,0.0
CuSn8As13,0.16667280417309446,0.0,0.05896989293499011,0.0
CuSn7As13,0.18385585453445652,0.0,0.02861233983641165,0.0
CuSn7As12,0.1722096641751975,0.0,0.037306007910077654,0.0
CuSn7As11,0.16081912867976272,0.0,0.08549785703200108,0.0
CuSn6As11,0.18242855278710987,0.0,0.018857819358355732,0.0
Cu(Sn3As5)2,0.1601342009026087,0.0,0.035013288219031824,0.0
Cu(SnAs2)5,0.17987890059516767,0.0,0.020644454963042125,0.0
CuSn5As9,0.1680771243858642,0.0,0.01031638475712271,0.0
Cu(Sn3As5)3,0.18383812143431683,0.0,0.027303440205669216,0.0
SnAs3H,0.10234975647308901,0.0,0.4650673985607541,0.0
SnAs2H,0.48590545021729215,2.0197302543267472,0.8348386460183529,0.0
SnAsH,0.27155172854609305,2.207658041326846,0.6795892421510009,0.0
SnH,0.12056922752743138,2.251797613928244,0.5396260523896383,0.0
Fe(Sn5As8)2,0.1372687467541604,0.0,0.3903804618869928,0.0
FeSn9As16,0.15479830483760612,0.0,0.2506771106403465,0.0
Fe(Sn3As5)3,0.15379978646156767,0.0,0.24173768235024495,0.0
FeSn9As14,0.1343203452739627,0.0,0.4187727875462779,0.0
Fe(Sn4As7)2,0.15511835101358312,0.0,0.22790721106629297,0.0
FeSn8As13,0.13663446920034567,0.0,0.3982186084965704,0.0
Fe(SnAs2)3,0.1432714591019629,0.0,0.22483339145731862,0.0
FeSn7As12,0.14211008732335284,0.0,0.3056155227253817,0.0
FeSn7As11,0.13334222877824553,0.0,0.3993368566842005,0.0
FeSn6As11,0.1545201304210164,0.0,0.2337339319657843,0.0
Fe(Sn3As5)2,0.13398322078956304,0.0,0.3353607074016687,0.0
Fe(SnAs2)5,0.1543972845964647,0.0,0.23970986293352814,0.0
FeSn5As9,0.14181021404212427,0.0,0.2874854722106239,0.0
FeSn5As8,0.13132658492133525,0.0,0.44035255483865465,0.0
Fe(SnAs2)4,0.1556085063759024,0.0,0.21421399900710236,0.0
FeSn4As7,0.1311821385391166,0.0,0.35998947880027854,0.0
Fe(Sn2As3)2,0.12034531443059146,0.0,0.4916486531779236,0.0
FeSn7As13,0.15475893962919035,0.0,0.2506771106403465,0.0
Sn7As13S,0.16378763445681052,0.0,0.17930973348499057,0.0
Sn7As12S,0.1511387821509728,0.0,0.22326760949067193,0.0
Sn7As11S,0.14328981541260957,0.0,0.30274595745054733,0.0
Sn6As11S,0.16446771705538046,0.0,0.16612086343817145,0.0
Sn6As10S,0.14239299753870227,0.0,0.25907188035204254,0.0
Sn6As9S,0.13686935798455405,0.0,0.4099330115142287,0.0
Sn5As9S,0.15507000513392033,0.0,0.21850698129817325,0.0
Sn5As8S,0.1441950265785355,0.0,0.31313477930924716,0.0
Sn4As8S,0.167646619157192,0.0,0.1800698310586819,0.0
Sn5As8W,0.15031856276607908,2.0673849279755707,0.5145717890936821,0.0
Sn4As6S,0.1320942212834313,0.0,0.45910642037831206,0.0
Sn3As6S,0.15474305110637457,0.0,0.20290267444512333,0.0
Sn3As5S,0.11452743932165027,0.0,0.41600912311904814,0.0
Sn3As4S,0.20605614316210374,0.0,0.45323799214314564,0.0
Sn2As4S,0.15306328630370908,0.0,0.2703450973525475,0.0
Sn2As3S,0.2917269754374906,0.0,0.4482029068964434,0.0
SnAs3S,0.10833277180822015,0.0,0.22140137713505947,0.0
SnAs2S,0.4786169556734486,1.9227833476509577,0.6457103835138116,0.0
SnAsS,0.2292861042673686,0.0,0.49514061746240834,0.0
Hf(Sn5As8)2,0.1361236325486678,0.0,0.33120553188450674,0.0
Sn4As7S,0.14348779003532575,0.0,0.298474349635551,0.0
Sn6As10N,0.14434618457919493,0.0,0.24253723442031094,0.0
Sn5As10N,0.16476024838609668,0.0,0.20116198990658996,0.0
Sn5As9N,0.1506661148967389,0.0,0.24371757240646807,0.0
Sn5As8N,0.13780671995470492,0.0,0.34445105661794473,0.0
Sn4As8N,0.16261903561842808,0.0,0.19070646778604272,0.0
Sn4As7N,0.1373352082668569,0.0,0.28902176168461546,0.0
Sn4As6N,0.1264624676793653,0.0,0.455337912918106,0.0
Sn3As6N,0.1537827489019829,0.0,0.20045779170805234,0.0
Sn3As5N,0.13256145880528938,0.0,0.4378109898164253,0.0
Sn8As13S,0.14566316402796572,0.0,0.33502409881612927,0.0
Sn2As4N,0.187505529080899,0.0,0.3426303715834388,0.0
Sn2As3N,0.3325584163288603,1.6745894082543276,0.5219271736763893,0.0
SnAs3N,0.1535576977150493,0.0,0.29226893683325283,0.0
SnAs2N,0.5418848801593104,2.442196964680295,0.7131424248845589,0.0
SnAsN,0.33344681834880063,2.7077765475794533,0.6235214800237487,0.0
Sn10As16S,0.14475038932690087,0.0,0.327752359716059,0.0
Sn9As16S,0.1641671092676974,0.0,0.20299825257603465,0.0
Sn9As15S,0.16282848128918784,0.0,0.19531591651493285,0.0
Sn9As14S,0.14334904010158278,0.0,0.3542365232224618,0.0
Sn8As14S,0.1641470458412033,0.0,0.18349863228349184,0.0
Sn2As5N,0.16892647409118602,0.0,0.2223379337437268,0.0
HfSnAs2,0.497819522533568,2.3870854525032965,0.7885037870000284,0.0
HfSnAs,0.27942297935754457,2.5416622160461984,0.698464728026384,0.0
Ga(Sn5As8)2,0.12571024190749255,0.0,0.441850281034898,0.0
GaSn9As16,0.14319203094596133,0.0,0.2925674225308694,0.0
Ga(Sn3As5)3,0.14219351256992308,0.0,0.2826977268156734,0.0
GaSn8As15,0.14195127859484094,0.0,0.2711365945991694,0.0
Ga(Sn4As7)2,0.1435120771219383,0.0,0.2673500743958822,0.0
GaSn8As13,0.12507596435367788,0.0,0.44995908288275055,0.0
GaSn7As13,0.14315266573754562,0.0,0.3556429997758491,0.0
HfSn9As16,0.15365319063211347,0.0,0.20553890156831123,0.0
GaSn7As11,0.11779361386200236,2.4077053967924167,0.5230960052900442,0.0
GaSn6As11,0.13550309016243295,0.0,0.3347748700521378,0.0
Ga(Sn3As5)2,0.11855091042307177,0.0,0.46901663510726244,0.0
Ga(SnAs2)5,0.13549863946260338,0.0,0.3556429997758491,0.0
GaSn5As9,0.12291156890826284,0.0,0.41394448626163827,0.0
GaSn5As8,0.11521024655765967,2.3088330731969213,0.5352417713345012,0.0
Ga(SnAs2)4,0.13607885613800003,0.0,0.3440741299332506,0.0
GaSn4As7,0.11485349581995946,0.0,0.4952970918892362,0.0
Ga(Sn2As3)2,0.10276279023664328,2.3861488816777796,0.6208913648875445,0.0
Ga(SnAs2)3,0.12192033121361659,0.0,0.3587209720822129,0.0
GaSn7As12,0.12716391334070604,0.0,0.4206710745391645,0.0
Hf(Sn3As5)3,0.152654672256075,0.0,0.19778427673245358,0.0
HfSn9As14,0.13317523106847004,0.0,0.3578202071998051,0.0
Hf(Sn4As7)2,0.15414471881029626,0.0,0.185852141206321,0.0
HfSn8As13,0.13566083699705878,0.0,0.33851530565816856,0.0
HfSn7As13,0.1537853074259035,0.0,0.24915329846279455,0.0
HfSn7As12,0.14147447676645789,0.0,0.3038931911118382,0.0
HfSn7As11,0.13270661822135058,0.0,0.3973886177958903,0.0
HfSn6As11,0.15382800804827132,0.0,0.23228118682776777,0.0
Hf(Sn3As5)2,0.13208455033611985,0.0,0.3468532412608327,0.0
HfSnAs3,0.11893882269868725,0.0,0.3862832703451574,0.0
HfSn5As9,0.13991154358868113,0.0,0.2980731471422958,0.0
HfSn5As8,0.12855764829912342,0.0,0.40911952192224266,0.0
Hf(SnAs2)4,0.15198082127138407,0.0,0.25011923250271895,0.0
HfSn4As7,0.1276891332762051,0.0,0.3652405192120015,0.0
Hf(Sn2As3)2,0.11685114483137965,2.6632085327395756,0.5764789945153119,0.0
Hf(SnAs2)3,0.13807777312280148,0.0,0.2619252708279025,0.0
HfSn3As5,0.11857034696164212,2.6684676340880364,0.5747610084758559,0.0
HfSn2As5,0.1535691832313207,0.0,0.30137651005561916,0.0
Hf(SnAs2)2,0.16875585466283852,2.654442916146371,0.5275606175314815,0.0
HfSn2As3,0.2987255668663638,2.2359610781508357,0.6602024927406205,0.0
Hf(SnAs2)5,0.15249861414302146,0.0,0.24915329846279455,0.0
Sn6As9C,0.12769026218241225,2.2350256942896984,0.5342168286804228,0.0
Sn5As9C,0.14063265672394484,0.0,0.3158165953313147,0.0
Sn5As8C,0.12992626076429153,0.0,0.4294291701734586,0.0
Sn4As8C,0.15379994395368185,0.0,0.266090242551969,0.0
Sn4As7C,0.1293578955337641,0.0,0.38479042511271133,0.0
Sn4As6C,0.11848105791777998,2.3998801540019765,0.5626071691535551,0.0
Sn3As6C,0.1414641569161249,0.0,0.27837029208968944,0.0
Sn3As5C,0.11863668925035575,2.4051392553504374,0.560875775899895,0.0
Sn3As4C,0.2264864758599711,2.073350255167971,0.5940817814948558,0.0
Sn6As11N,0.16488309421064834,0.0,0.1542832972387298,0.0
ScSn7As12,0.1503733811076802,0.0,0.38829841371895346,0.0
ScSn7As11,0.1416055225625729,0.0,0.48950118839372836,0.0
ScSn6As11,0.16278342420534406,0.0,0.3055262891315327,0.0
Sc(Sn3As5)2,0.13978203486720858,0.0,0.43572173564103356,0.0
Sc(Sn2As3)3,0.13423840050763994,2.2696466822422448,0.6053988679758839,0.0
ScSn5As9,0.1410123551501838,0.0,0.3817483680687619,0.0
ScSn5As8,0.12989772092535362,2.2705269147785776,0.501687491045747,0.0
Sc(SnAs2)4,0.15462237971268275,0.0,0.32659631617886975,0.0
ScSn4As7,0.12940848504143002,0.0,0.4555343681287871,0.0
Sc(Sn2As3)2,0.11825653921073617,2.3506092483994254,0.6324357290436189,0.0
Sc(Sn2As3)4,0.14385941903304475,0.0,0.48950118839372836,0.0
Sn3As6Se,0.1465294943000898,0.0,0.36720191119751744,0.0
Sn3As5Se,0.12916302842226646,2.3615956124832937,0.6576946284986758,0.0
Sn2As5Se,0.16913769955178998,0.0,0.45317960052179285,0.0
Sn2As4Se,0.18326325584345238,2.420017153918666,0.6232105778027159,0.0
Sn2As3Se,0.3019579960133986,1.952934748248093,0.7103531662351433,0.0
SnAs3Se,0.12934051491193432,0.0,0.49900746482171054,0.0
SnAs2Se,0.502385492712346,2.0237461642914725,0.8338337699232345,0.0
SnAsSe,0.28712127660134357,2.1636990061163006,0.7828731909388207,0.0
Sc(Sn5As8)2,0.13769012978048142,0.0,0.4801390314237185,0.0
Sn6As10C,0.13280566347138356,0.0,0.36598641241355545,0.0
Sc(Sn3As5)3,0.15422116948788864,0.0,0.3149778920944445,0.0
ScSn9As14,0.13410693357041137,2.259769027242471,0.5096023938738341,0.0
Sc(Sn4As7)2,0.15493883285390717,0.0,0.29860729786279183,0.0
ScSn8As13,0.1465434086954977,0.0,0.48833572429531313,0.0
Sn4As7Se,0.12894070465082436,0.0,0.4736887110092943,0.0
Sn4As6Se,0.11857317553765144,2.3773246612087466,0.6492334834389135,0.0
Sn8As12C,0.13318116048489007,0.0,0.41752741582010766,0.0
Sn7As12C,0.1409325300051734,0.0,0.3218242468998743,0.0
Sn7As11C,0.13216467146006602,0.0,0.41752741582010766,0.0
Sn6As11C,0.15334257310283692,0.0,0.24748909453852952,0.0
ScSn9As16,0.1552196878639271,0.0,0.3254632219642174,0.0
CrSn4As7,0.12851752679717185,0.0,0.3818491828380507,0.0
Cr(Sn2As3)2,0.11817181978552194,1.9649907789916998,0.520974755979283,0.0
Cr(SnAs2)3,0.14058987848671717,0.0,0.26008340833133947,0.0
CrSn3As5,0.12087556310819317,0.0,0.47645472698144586,0.0
CrSn2As5,0.15612772104541714,0.0,0.13319485929591823,0.0
Cr(SnAs2)2,0.17047691192627268,0.0,0.21748298255967835,0.0
CrSn2As3,0.3051937875279596,0.0,0.3879452289898214,0.0
CrSnAs3,0.12444913561920534,0.0,0.15427868035542291,0.0
CrSnAs2,0.5029514106249577,1.6578927741622924,0.6449765463641507,0.0
Sc(SnAs2)3,0.1393406896977245,0.0,0.3403736767856147,0.0
CrSn,0.1506745388510952,0.0,0.16650699136556268,0.0
Sn10As16N,0.1416565652458472,0.0,0.4092220452279933,0.0
Sn9As16N,0.1641358544276535,0.0,0.2657149149244046,0.0
Sn9As15N,0.1631373360516151,0.0,0.25642273466396137,0.0
Sn9As14N,0.1436578948640101,0.0,0.3011429485511037,0.0
Sn8As14N,0.1650245695637175,0.0,0.1500493486787785,0.0
Sn8As13N,0.14671904145245057,0.0,0.2835457269170212,0.0
Sn7As13N,0.16484351188129534,0.0,0.16672024665742124,0.0
Sn7As12N,0.15228834030645777,0.0,0.2083754279504446,0.0
Sn7As11N,0.1437051925678774,0.0,0.28449419328889114,0.0
CrSnAs,0.25778023980154136,0.0,0.3636362206960888,0.0
ScSn3As5,0.11930275515978012,2.4996792982443345,0.6307993575367344,0.0
ScSn3As4,0.22715254176939545,2.1684512698964586,0.6619051458863847,0.0
Sc(SnAs2)2,0.17015193160611458,2.4648973610965546,0.5334758931874829,0.0
ScSn2As3,0.30211721826542404,2.061965511712381,0.7075570501684169,0.0
Sc(SnAs)2,0.3626184758626156,2.357759834382224,0.8130911284045257,0.0
ScSn2As,0.45676965313313517,2.2744294133468417,0.8636765914664146,0.0
Cr(Sn5As8)2,0.13340612175688177,0.0,0.4095991911193778,0.0
CrSn9As16,0.1509356798403274,0.0,0.2660193564958424,0.0
Cr(Sn3As5)3,0.15107838506121607,0.0,0.25672025197677784,0.0
Cr(SnAs2)4,0.1513181425243637,0.0,0.27287594317352426,0.0
Cr(Sn4As7)2,0.15239694961323152,0.0,0.24230650757188765,0.0
CrSn8As13,0.13446405338985917,0.0,0.4175589085773902,0.0
CrSn7As13,0.15316202550383645,0.0,0.24023396939653907,0.0
CrSn7As12,0.14038834967437805,0.0,0.2534221673736524,0.0
CrSn7As11,0.1320446903829435,0.0,0.48369575968797085,0.0
CrSn6As11,0.1544270416026657,0.0,0.25966520158310014,0.0
Cr(Sn3As5)2,0.13389013197121238,0.0,0.43001686124314986,0.0
Cr(Sn2As3)3,0.12451912248453544,1.9413095111192702,0.5998339768827662,0.0
CrSn5As9,0.13854998729392315,0.0,0.329880674975762,0.0
CrSn5As8,0.12711489424517547,0.0,0.4958779229958138,0.0
CrSn9As14,0.1315989438736111,0.0,0.43838413661812314,0.0
Rb(Sn5As8)2,0.13760968730899106,0.0,0.40844046000319756,0.0
RbSn9As16,0.1551392453924368,0.0,0.2650844335871182,0.0
Rb(Sn3As5)3,0.15414072701639833,0.0,0.2558066205094951,0.0
RbSn9As14,0.13466128582879336,0.0,0.4042054914449028,0.0
Rb(Sn4As7)2,0.1554592915684138,0.0,0.21749484876875502,0.0
RbSn8As13,0.13697540975517633,0.0,0.3838940598837256,0.0
RbSn7As13,0.15513207704313048,0.0,0.2395472191099245,0.0
RbSn7As12,0.14248322473729294,0.0,0.25480664624805194,0.0
RbSn7As11,0.13507072741453882,0.0,0.3405891832962452,0.0
GaSn3As5,0.10526226505010504,2.4662694040195956,0.5975614922016497,0.0
Rb(Sn3As5)2,0.13781656436125242,0.0,0.2937558555730466,0.0
Rb(SnAs2)5,0.157443648735679,0.0,0.20628839055133474,0.0
RbSn5As9,0.1448565781813384,0.0,0.249589619978678,0.0
RbSn5As8,0.13430197235203836,0.0,0.369724762689318,0.0
Rb(SnAs2)4,0.15794059615469422,0.0,0.22032596317595843,0.0
RbSn4As7,0.13254700542568001,0.0,0.32772747428061655,0.0
Rb(Sn2As3)2,0.12302343543080248,2.318338866279271,0.5006331638476835,0.0
Rb(SnAs2)3,0.1437662015163269,0.0,0.2311592154348887,0.0
RbSn3As5,0.12433036363083598,0.0,0.49887496180016944,0.0
RbSn2As5,0.158483979965329,0.0,0.25991477816190944,0.0
RbSn6As11,0.15492604884137418,0.0,0.19157836831103048,0.0
Sn8As14Pt,0.1583806664035358,0.0,0.24142751079422475,0.0
Sn8As13Pt,0.13989678459029825,0.0,0.41639354092182956,0.0
Sn7As13Pt,0.15802125501914302,0.0,0.2650844335871182,0.0
Sn7As12Pt,0.14534345268811946,0.0,0.3218242468998743,0.0
Sn7As11Pt,0.13657559414301224,0.0,0.41752741582010766,0.0
Sn6As11Pt,0.1561994582840001,0.0,0.24748909453852952,0.0
Sn6As10Pt,0.13561426405607235,0.0,0.36598641241355545,0.0
Sn5As10Pt,0.15607661245944837,0.0,0.2650844335871182,0.0
Sn5As9Pt,0.14344125730863347,0.0,0.3158165953313147,0.0
SnAsPt,0.1788795606724269,2.284283114878616,0.6866642037474515,0.0
Sn4As8Pt,0.15626916405693878,0.0,0.266090242551969,0.0
Sn4As7Pt,0.13146744631804919,0.0,0.38479042511271133,0.0
Sn4As6Pt,0.12058301528889166,2.341121637850323,0.5626071691535551,0.0
Sn3As6Pt,0.14121795392586062,0.0,0.27837029208968944,0.0
Sn3As5Pt,0.12117537240841962,2.346380739198784,0.560875775899895,0.0
Sn2As5Pt,0.21116785920590672,0.0,0.34175226033804373,0.0
Sn2As4Pt,0.22896765999323151,0.0,0.4862544932809495,0.0
Sn2As3Pt,0.3518401392732479,1.928297858916083,0.6669558049756528,0.0
SnAs3Pt,0.16631971635653597,0.0,0.44703410386055376,0.0
SnAs2Pt,0.5449970971681974,2.060180959062992,0.8295474915684378,0.0
Sn5As8Pt,0.1319389580058972,0.0,0.4294291701734586,0.0
Mg(SnAs2)3,0.13479529463419376,0.0,0.3676197622556834,0.0
MgSn3As5,0.11507394166343991,2.279678784259359,0.6580992627258784,0.0
MgSn2As5,0.14804669179186258,0.0,0.4140597648157347,0.0
Mg(SnAs2)2,0.16370028340348144,2.2275762752255317,0.5629865873149968,0.0
MgSn2As3,0.30194650083604363,1.7672187414802378,0.7334073017993106,0.0
MgSnAs3,0.11702862965367154,1.9605277924366478,0.509954792779342,0.0
MgSnAs,0.30019740528222816,2.033274078117499,0.7036019595514873,0.0
Sn10As16W,0.13609430760321525,0.0,0.38883326737865964,0.0
Sn9As16W,0.15362386568666092,0.0,0.2494570332614089,0.0
Rb(SnAs2)2,0.1749260145247314,0.0,0.3502847485221102,0.0
Sn9As14W,0.13314590612301752,0.0,0.4171900732385818,0.0
Sn8As14W,0.15394391186263792,0.0,0.226764419486561,0.0
Sn8As13W,0.13546003004940046,0.0,0.3966605620504182,0.0
Sn7As13W,0.15358450047824515,0.0,0.2494570332614089,0.0
Sn7As12W,0.1409356481724077,0.0,0.3550994219621286,0.0
Sn7As11W,0.13216778962730036,2.2340852380463785,0.5023880461030484,0.0
Sn6As11W,0.1533456912700712,0.0,0.3165732555377817,0.0
Sn6As10W,0.1328087816386179,0.0,0.44843646869147546,0.0
Sn5As10W,0.1532228454455195,0.0,0.3368813689052329,0.0
Sn5As9W,0.15757790540627753,0.0,0.3939877937350217,0.0
Sn9As15W,0.15262534731062247,0.0,0.24054714696746549,0.0
RbSn2As3,0.30499355755793056,1.9965377608376305,0.5422780514690748,0.0
RbSnAs3,0.12097751891483907,0.0,0.28096810240085923,0.0
RbSnAs2,0.5020744645029978,2.0304403848193227,0.7017029818231246,0.0
RbSnAs,0.28120510163322693,2.1047056570013902,0.5629328294142913,0.0
Mg(Sn5As8)2,0.13271530769500758,2.2515820535187006,0.5074833695418037,0.0
MgSn9As16,0.1501970967334763,0.0,0.34992808707957135,0.0
Mg(Sn3As5)3,0.14997453546979198,0.0,0.3390507520301217,0.0
MgSn8As15,0.15020826885613267,0.0,0.32623316582344497,0.0
Mg(Sn4As7)2,0.1527828197313372,0.0,0.3220171478697552,0.0
MgSn3As7,0.14724070465171363,0.0,0.3630395689195731,0.0
MgSn7As13,0.1525814939188419,0.0,0.34992808707957135,0.0
MgSn7As12,0.13849613595137447,0.0,0.4145835389378548,0.0
MgSn7As11,0.12977604645124402,2.2555619241634846,0.5168486160595052,0.0
MgSn6As11,0.14957845686545257,0.0,0.3292239582644061,0.0
Mg(Sn3As5)2,0.12914153911059337,0.0,0.46278836280675384,0.0
Mg(SnAs2)5,0.14798592081491044,0.0,0.34992808707957135,0.0
MgSn5As9,0.13539885026057022,0.0,0.4078857570400085,0.0
MgSn5As8,0.12438695528700579,2.21674105787271,0.5290102310657148,0.0
Mg(SnAs2)4,0.1482421489089066,0.0,0.35110202150568814,0.0
MgSn4As7,0.12353648481146834,0.0,0.48292638011245137,0.0
MgSn8As13,0.13434670696307666,2.2007709222370027,0.5156838132873953,0.0
Sn4As8P,0.09292731395176684,0.0,0.2665160866797729,0.0
Sn4As7P,0.06931436735824122,0.0,0.41084208699800107,0.0
Sn4As6P,0.049570386202717226,2.2193308021475238,0.5891684211196759,0.0
Sn3As6P,0.07083907380732563,0.0,0.27880832295270097,0.0
Sn3As5P,0.03966010488903447,2.136665161384166,0.5874650736583104,0.0
Sn2As5P,0.07279285501087283,0.0,0.318401661544773,0.0
Sn2As4P,0.08793979965529138,0.0,0.4864962446578329,0.0
Sn2As3P,0.2334785330293297,1.775216091462151,0.6714110560338462,0.0
SnAs3P,0.03726693839260686,0.0,0.2746820626656903,0.0
Sn9As14Pt,0.1365246289915662,0.0,0.4372042759161472,0.0
SnAsP,0.21980238637245755,2.219602529906277,0.6310657575806209,0.0
Sn10As16O,0.1390582238196655,0.0,0.40844046000319756,0.0
Sn9As16O,0.15658778190311123,0.0,0.2650844335871182,0.0
Sn9As15O,0.15558926352707278,0.0,0.2558066205094951,0.0
Sn9As14O,0.13610982233946778,0.0,0.4372042759161472,0.0
Sn8As14O,0.15690782807908824,0.0,0.24142751079422475,0.0
Sn8As13O,0.13842394626585075,0.0,0.41639354092182956,0.0
Sn8As12O,0.13573995660339774,0.0,0.41752741582010766,0.0
Sn7As12O,0.14389956438885776,0.0,0.3218242468998743,0.0
Sn7As11O,0.13513170584375062,0.0,0.41752741582010766,0.0
SnAs2P,0.436259868275816,1.8806809743176902,0.764765994902408,0.0
GaSn2As5,0.14116886128705006,0.0,0.3852767588520265,0.0
Ga(SnAs2)2,0.163849882221573,2.4764579203332135,0.5332730460366087,0.0
GaSn2As3,0.29561588423801644,2.0635681964483843,0.6306621755525192,0.0
GaSnAs3,0.11374719526735126,0.0,0.4536931666072831,0.0
GaSnAs2,0.4636231863293147,2.1592226873185605,0.7947771474746359,0.0
GaSnAs,0.24954165159961247,2.330013683745594,0.6901662915494171,0.0
GaSn,0.15177427915779054,2.351688084241003,0.5226191234543008,0.0
Sn10As16P,0.13466725429519857,0.0,0.35859553451563697,0.0
Sn9As16P,0.15219681237864421,0.0,0.2650844335871182,0.0
Sn5As8P,0.07215511757161854,0.0,0.45626165920595163,0.0
Sn9As14P,0.13171885281500087,0.0,0.3861404138496436,0.0
Sn8As14P,0.15251685855462127,0.0,0.24142751079422475,0.0
Sn8As13P,0.1340329767413838,0.0,0.3661788333471624,0.0
Sn7As13P,0.09606489574376091,0.0,0.27418842727113724,0.0
Sn7As12P,0.08647139268445465,0.0,0.33199659633799383,0.0
Sn7As11P,0.07687402746441739,0.0,0.45509624730560183,0.0
Sn6As11P,0.09749107058965081,0.0,0.256199460248581,0.0
Sn6As10P,0.07664059238989902,0.0,0.40211927782770474,0.0
Sn5As10P,0.09312749457027199,0.0,0.27418842727113724,0.0
Sn5As9P,0.08054042401593141,0.0,0.3162877239054508,0.0
Sn9As15P,0.15119829400260576,0.0,0.2558066205094951,0.0
Sn7BAs11,0.13464091674494652,0.0,0.46490549406240633,0.0
Sn6BAs11,0.15604913704447915,0.0,0.267578458141018,0.0
Sn6BAs10,0.13544739691171845,0.0,0.4116492820921105,0.0
Sn5BAs10,0.1576050395944664,0.0,0.28605912012188306,0.0
Sn5BAs9,0.1450179690401258,0.0,0.3389540509517487,0.0
Sn5BAs8,0.1338669803862533,0.0,0.4770516785125577,0.0
Sn4BAs8,0.15814890184082045,0.0,0.2871134216876793,0.0
Sn4BAs7,0.13338527795208846,0.0,0.43120377487864936,0.0
Sn3BAs7,0.15731448449442462,0.0,0.2977504227492286,0.0
Sn6As11O,0.1563096074865215,0.0,0.24748909453852952,0.0
Sn3BAs5,0.1340830886376301,2.505671360057052,0.584973927732057,0.0
Sn2BAs5,0.17852976304849982,0.0,0.3460547560592502,0.0
Sn2BAs4,0.19432699063979603,2.436206263907457,0.5128196630207661,0.0
Sn2BAs3,0.30651256744957256,1.9785180309802788,0.6633383399343642,0.0
SnBAs3,0.1522931970183609,0.0,0.3460231520258833,0.0
SnBAs2,0.5121585583809479,2.1071223109431743,0.7689427846463038,0.0
SnBAs,0.31220330171786775,1.8246448189702316,0.7218450642713976,0.0
Sn10As16Pt,0.13947231228260984,0.0,0.40844046000319756,0.0
Sn9As16Pt,0.15700258855520974,0.0,0.2650844335871182,0.0
Sn9As15Pt,0.15600407017917128,0.0,0.2558066205094951,0.0
Sn3BAs6,0.14492191788146605,0.0,0.2999671373501779,0.0
Sn6As10O,0.13577269785506813,0.0,0.36598641241355545,0.0
Sn6As9O,0.13024905830091987,2.2350256942896984,0.5342168286804228,0.0
Sn5As9O,0.14342357108818293,0.0,0.3158165953313147,0.0
Sn5As8O,0.13230893686335302,0.0,0.4294291701734586,0.0
Sn4As8O,0.1565908583179202,0.0,0.266090242551969,0.0
Sn4As7O,0.131837425175505,0.0,0.38479042511271133,0.0
Sn4As6O,0.12080275399998944,2.4004520015052515,0.5626071691535551,0.0
Sn3As6O,0.14321192815348763,0.0,0.27837029208968944,0.0
Sn3As5O,0.12024472161142041,2.4057111028537124,0.560875775899895,0.0
Sn3As4O,0.2040798886721206,2.0739221026712458,0.5940817814948558,0.0
Sn7BAs12,0.14340877529005364,0.0,0.345179783198853,0.0
Sn2As3O,0.2802818059775218,1.9913284760516554,0.6439656493542789,0.0
Sn2As2O,0.28580948477866963,2.163625026392791,0.7648203936419694,0.0
Sn2AsO,0.4664850488661998,2.176471485670884,0.7801584402429599,0.0
Sn10BAs16,0.13862509572535398,0.0,0.45559393091245104,0.0
Sn9BAs16,0.15615465380879967,0.0,0.28605912012188306,0.0
Sn9BAs15,0.15509847442826866,0.0,0.2763232218807178,0.0
Sn8BAs15,0.1556556342491261,0.0,0.2649264971724634,0.0
Sn8BAs14,0.15641703898028414,0.0,0.261195623982583,0.0
Sn8BAs13,0.13793315716704663,0.0,0.46374539315014696,0.0
Sn7BAs13,0.15605762759589134,0.0,0.28605912012188306,0.0
Sn2As4O,0.17088697230695396,0.0,0.46087358305580606,0.0
Sn2As3Br,0.323890558453563,1.9442991406562278,0.5787165217851955,0.0
SnAs3Br,0.15620872831143898,0.0,0.3284770928769737,0.0
SnAs2Br,0.540484962712801,2.0524840255157626,0.7489371570127641,0.0
SnAsBr,0.3247877352689781,2.2149017460655234,0.5632416368869695,0.0
SnBr,0.2001378266027817,0.0,0.4120834962604977,0.0
Sn10MoAs16,0.11861519805062513,0.0,0.37345037199952136,0.0
Sn9MoAs16,0.13614475613407104,0.0,0.23744585438701493,0.0
Sn9MoAs15,0.13514623775803264,0.0,0.22883417290075314,0.0
Sn9MoAs14,0.11566679657042742,0.0,0.38420881504835314,0.0
NiSnAs3,0.1414856907123392,0.0,0.13306998294508277,0.0
Sn8MoAs13,0.11567849068959207,0.0,0.364287831456376,0.0
Sn7MoAs13,0.1337856915786854,0.0,0.22510849527540244,0.0
Sn7MoAs12,0.12151403694224745,0.0,0.27651110545750857,0.0
Sn7MoAs11,0.11274617839714007,0.0,0.39459174724576895,0.0
Sn6MoAs11,0.13417903561058678,0.0,0.23069408242255451,0.0
Sn6MoAs10,0.1144121958780583,0.0,0.3442088854523865,0.0
Sn5MoAs10,0.1344490620155604,0.0,0.24748807540809892,0.0
Sn5MoAs9,0.12223918913061958,0.0,0.3170389942421753,0.0
Sn5MoAs8,0.11394074746721883,0.0,0.4301347632361544,0.0
Sn4MoAs8,0.1378454712523865,0.0,0.2788704412850387,0.0
Sn8MoAs14,0.13441732807350543,0.0,0.20357886565635952,0.0
Sn10As16Br,0.13662277220196606,0.0,0.40844046000319756,0.0
Sn9As16Br,0.15409898118935839,0.0,0.2650844335871182,0.0
Sn9As15Br,0.15310046281331993,0.0,0.2558066205094951,0.0
Sn9As14Br,0.1330386446663306,0.0,0.4372042759161472,0.0
Sn8As14Br,0.15383665040595101,0.0,0.24142751079422475,0.0
Sn8As13Br,0.13218586912831085,0.0,0.41639354092182956,0.0
Sn7As13Br,0.15031033955715545,0.0,0.2650844335871182,0.0
Sn7As12Br,0.13765119324955108,0.0,0.3218242468998743,0.0
Sn7As11Br,0.1288833347044437,0.0,0.41752741582010766,0.0
Sn2As4Br,0.18250831233437187,0.0,0.39366373045753633,0.0
Sn6As10Br,0.12952432671576125,0.0,0.36598641241355545,0.0
Sn6As9Br,0.12347029295245712,2.3220746648671944,0.5342168286804228,0.0
Sn5As9Br,0.1373513199683225,0.0,0.29129207466579976,0.0
Sn5As8Br,0.12570629153433655,0.0,0.40125632071585826,0.0
Sn4As8Br,0.15062937401620186,0.0,0.24404979392328585,0.0
Sn4As7Br,0.1253455466646309,0.0,0.35771011518801676,0.0
Sn4As6Br,0.13103521901376652,2.396575057751414,0.5051871518921744,0.0
Sn3As6Br,0.1534443931672647,0.0,0.23429634875368677,0.0
Sn3As5Br,0.13306950850170954,2.401834159099875,0.5183671431518535,0.0
Sn2As5Br,0.16856726995504162,0.0,0.25107820018795324,0.0
Sn6As11Br,0.1500612363472145,0.0,0.24748909453852952,0.0
Be(SnAs2)5,0.15334373133540385,0.0,0.23799975701081555,0.0
BeSn5As9,0.14075666078106344,0.0,0.28556254823929683,0.0
BeSn5As8,0.1296420265562333,0.0,0.3945680620757127,0.0
Be(SnAs2)4,0.15362490000451348,0.0,0.23893621044732505,0.0
BeSn4As7,0.1288714668620983,0.0,0.35132179949269216,0.0
Be(Sn2As3)2,0.11799872627460653,2.36658221351936,0.5269189273038926,0.0
Be(SnAs2)3,0.1404079004281048,0.0,0.25039064706932956,0.0
BeSn3As5,0.12253943975773719,2.310219549054322,0.5251654944744991,0.0
BeSn2As5,0.1574990412622794,0.0,0.288784305620309,0.0
Sn4MoAs7,0.11416608814372918,0.0,0.41562219102164244,0.0
BeSn2As3,0.30964052207922055,1.7575345171945125,0.5675548823183806,0.0
BeSnAs3,0.13036004966168097,0.0,0.3569315934095765,0.0
BeSnAs,0.38490915436241796,1.997870992107247,0.5385275136897629,0.0
BeSn,0.1691424910451282,0.0,0.3114377264325121,0.0
Co(Sn5As8)2,0.136242798666635,0.0,0.4837729346268054,0.0
CoSn9As16,0.1536232116257911,0.0,0.32866658203524657,0.0
Co(Sn3As5)3,0.15262469324975264,0.0,0.31812672282429244,0.0
CoSn9As14,0.13510751847471608,2.2359290437717867,0.5132391374771476,0.0
Co(Sn4As7)2,0.15468478982668754,0.0,0.3016645417392909,0.0
CoSn8As13,0.13620090801345006,0.0,0.4919729554374823,0.0
Be(SnAs2)2,0.17407480629212946,0.0,0.42461965250077205,0.0
Sn4MoAs6,0.1035809396748111,2.399447018665061,0.5953965289324501,0.0
Sn3MoAs6,0.12599011382830938,0.0,0.2845211081980369,0.0
Sn3MoAs5,0.10596154832278866,2.5492740918160526,0.5673273921842394,0.0
Sn2MoAs5,0.1390582968215642,0.0,0.3439661068950164,0.0
Sn2MoAs4,0.1553669368666552,2.0596116161341183,0.5593016130174842,0.0
Sn2MoAs3,0.3318875634111919,1.6532237029470471,0.6088271185955374,0.0
SnMoAs3,0.13504975167266625,0.0,0.405099601962688,0.0
SnMoAs2,0.5234446967329457,1.8013519643019391,0.7778691643488977,0.0
SnMoAs,0.31080656101116955,1.8012169823402817,0.6829090454029432,0.0
Be(Sn3As5)2,0.13292966752850222,0.0,0.33326733783655194,0.0
Be(Sn5As8)2,0.13621519349309957,0.0,0.40844046000319756,0.0
BeSn9As16,0.15374475157654527,0.0,0.2650844335871182,0.0
Be(Sn3As5)3,0.15274623320050681,0.0,0.2558066205094951,0.0
BeSn8As15,0.15330339302136425,0.0,0.24496964483983907,0.0
Be(Sn4As7)2,0.15406479775252227,0.0,0.24142751079422475,0.0
BeSn8As13,0.1355809159392848,0.0,0.3818823919877987,0.0
BeSn7As13,0.1537053863681295,0.0,0.23799975701081555,0.0
BeSn7As12,0.14105653406229202,0.0,0.29123966964253856,0.0
BeSn7As11,0.13228867551718468,0.0,0.3829839611144623,0.0
BeSn6As11,0.15346657715995554,0.0,0.2216599659566446,0.0
SnMo,0.1444682090809972,0.0,0.2752992255097899,0.0
SrSn5As9,0.13739232485957284,0.0,0.22341622532198813,0.0
SrSn5As8,0.12671693778124063,0.0,0.319301398854414,0.0
Sr(SnAs2)4,0.15148597713652687,0.0,0.2007994134375507,0.0
SrSn4As7,0.12679108051349067,0.0,0.313596151862675,0.0
Sr(Sn2As3)2,0.11298606532463351,0.0,0.4844185294367448,0.0
Sr(SnAs2)3,0.1358682736002144,0.0,0.21983024174458887,0.0
SrSn3As5,0.11641449877103284,0.0,0.46734640810142225,0.0
SrSn3As4,0.22197690450029578,0.0,0.4342808539488201,0.0
Sr(SnAs2)2,0.1652490814291475,0.0,0.34370888196776717,0.0
AgSn,0.15450297271002308,0.0,0.3824287202928084,0.0
SrSnAs3,0.12143014012149492,0.0,0.3067386003575593,0.0
SrSnAs2,0.5055424398271149,2.1420687578065114,0.743724064715972,0.0
SrSnAs,0.2911173911427677,2.202015387279171,0.6145457997109209,0.0
Cd(Sn5As8)2,0.13524659638396652,0.0,0.47771679205460404,0.0
CdSn9As16,0.15629145467601377,0.0,0.32333596970218836,0.0
Cd(Sn3As5)3,0.15449076287891692,0.0,0.31288738339659794,0.0
CdSn9As14,0.1350113216913119,2.271253880886529,0.5071765277643245,0.0
Cd(Sn4As7)2,0.15580932743093237,0.0,0.2965784003912981,0.0
CdSn8As13,0.13688751244096825,0.0,0.48591078442961877,0.0
CdSn7As13,0.15581774678526356,0.0,0.32333596970218836,0.0
SrSn2As3,0.29935372153699824,1.986419016743948,0.5433481988795299,0.0
Sn4As6Au,0.11781488745786317,2.3304660200839047,0.5935585638960126,0.0
Sn3As6Au,0.14149808736396446,0.0,0.25055199186536725,0.0
Sn3As5Au,0.12145402397868084,2.3357251214323655,0.5253798021618092,0.0
Sn3As4Au,0.2280683778336893,2.0915963905543573,0.6444748922224584,0.0
Sn2As4Au,0.17222825057810312,0.0,0.4205000413312501,0.0
Sn2As3Au,0.33390342610654933,2.001785514527435,0.6847667412214313,0.0
SnAs3Au,0.1555853361387058,0.0,0.43461821419904023,0.0
SnAs2Au,0.5353669218829227,2.0816063484957548,0.8430416246690507,0.0
SnAsAu,0.31595166859616886,2.258502283605626,0.7627400485896358,0.0
Sr(Sn2As3)3,0.12398207784930039,0.0,0.41684901017559783,0.0
SrSn9As16,0.1497888770601832,0.0,0.20939873919102514,0.0
Sr(Sn3As5)3,0.14879035868414478,0.0,0.20153543090661252,0.0
SrSn9As14,0.12924953934257186,0.0,0.36323227720107265,0.0
Sr(Sn4As7)2,0.14998527710906512,0.0,0.16733059645045167,0.0
SrSn8As13,0.13150139529582766,0.0,0.3219699833687788,0.0
SrSn7As13,0.14962586572467232,0.0,0.1855024484762614,0.0
SrSn7As12,0.13694867260003013,0.0,0.2586874932853864,0.0
SrSn7As11,0.12864079826375824,0.0,0.345171371844476,0.0
SrSn6As11,0.14973678060617968,0.0,0.15786499272675436,0.0
Sr(Sn3As5)2,0.12926213894785352,0.0,0.287010804591437,0.0
Sr(Sn5As8)2,0.1322593189767375,0.0,0.33642594032656536,0.0
AgSn8As13,0.13759367178129522,0.0,0.3510146254511375,0.0
AgSn7As13,0.15571814221013994,0.0,0.21472202889670644,0.0
AgSn7As12,0.14306928990430234,0.0,0.2645626776369864,0.0
AgSn7As11,0.13062351085646526,0.0,0.3520778712933802,0.0
AgSn6As11,0.15547933300196598,0.0,0.22555811058494168,0.0
Ag(Sn3As5)2,0.1312645028677828,0.0,0.33827519596026,0.0
Ag(Sn2As3)3,0.12805729103301053,2.2802543933605315,0.5038913564034806,0.0
AgSn5As9,0.14916653531475133,0.0,0.2901655397938604,0.0
AgSn5As8,0.13492444595940176,0.0,0.42311768854464127,0.0
CdSn7As12,0.1423631305639754,0.0,0.3859954814400134,0.0
AgSn4As7,0.13927032663648817,0.0,0.37869956716479813,0.0
Ag(Sn2As3)2,0.12522983153206008,2.4314451198355074,0.5562465474769984,0.0
Ag(SnAs2)3,0.14509842289804506,0.0,0.27321585925295777,0.0
AgSn3As5,0.12802374036588926,2.423991867080521,0.554509912928302,0.0
AgSn3As4,0.23590181415985026,2.155820215941337,0.587843558664917,0.0
Ag(SnAs2)2,0.17119808207825457,0.0,0.44587576726100886,0.0
AgSn2As3,0.25190088683034956,2.0104541103342966,0.6550161278610946,0.0
AgSnAs3,0.1248299526844909,0.0,0.44953818962200176,0.0
AgSnAs2,0.455298527396844,2.0857029074342814,0.8309743315324397,0.0
AgSnAs,0.32649555732417923,2.2497462664314467,0.6692489790268875,0.0
Ag(SnAs2)4,0.16715121490942308,0.0,0.26108092706947994,0.0
CdSn7As11,0.13359527201886814,0.0,0.4870759704127362,0.0
CdSn6As11,0.15557893757708963,0.0,0.30347072066899017,0.0
Cd(Sn3As5)2,0.13423626403018568,0.0,0.43333679142782244,0.0
Cd(Sn2As3)3,0.13141765008670472,2.3060963970068356,0.6030777832362322,0.0
CdSn5As9,0.1420615974753393,0.0,0.3794601846994521,0.0
CdSn5As8,0.1335358883396211,0.0,0.49926094396319975,0.0
Cd(SnAs2)4,0.1560306660165174,0.0,0.3084171315368369,0.0
CdSn4As7,0.13384152762244067,0.0,0.4348123175774036,0.0
Cd(Sn2As3)2,0.12364235784922792,2.341327395629049,0.6127225101576457,0.0
Ag(Sn4As7)2,0.14980052914385208,0.0,0.19437089131509455,0.0
CdSn3As5,0.12587462378744843,2.41221290300851,0.5920956169935385,0.0
CdSn3As4,0.23358536821447645,2.0844272523618037,0.6037503385309821,0.0
Cd(SnAs2)2,0.18725484939138307,0.0,0.47088913799740617,0.0
CdSn2As3,0.31841730777037824,1.9599011740710364,0.6531397553358966,0.0
CdSnAs3,0.15510517329483914,0.0,0.41794453097690676,0.0
CdSnAs,0.2990388859351248,2.0748402873238385,0.6180078462706962,0.0
Ag(Sn5As8)2,0.13609245102484366,0.0,0.3532479842331391,0.0
AgSn9As16,0.15362200910828935,0.0,0.2219940382468617,0.0
Ag(Sn3As5)3,0.15262349073225087,0.0,0.21378565040968955,0.0
AgSn9As14,0.12900252340423168,0.0,0.3806258580353654,0.0
Cd(SnAs2)3,0.1434125963252171,0.0,0.3047792488021851,0.0
BaSn5As8,0.1113421923898793,0.0,0.45460736261966805,0.0
Ba(SnAs2)4,0.13576357022509103,0.0,0.31111731361236317,0.0
BaSn4As7,0.11035896128642546,0.0,0.43791838234477154,0.0
Ba(Sn2As3)2,0.09845277160111829,2.1174111387387926,0.6094643930119534,0.0
Ba(SnAs2)3,0.12142190014566463,0.0,0.3188094545668464,0.0
BaSn3As5,0.10515631408883766,2.0367650757514233,0.6077891763814051,0.0
BaSn2As5,0.13741983041698175,0.0,0.36261915315937465,0.0
Ba(SnAs2)2,0.15330066385421232,1.9633526676894033,0.509120277497935,0.0
BaSn2As3,0.2867882516255135,1.3309377755744691,0.661352595547851,0.0
Co(Sn2As3)4,0.1365703543038881,0.0,0.4931387338306489,0.0
BaSnAs2,0.5196666212201625,1.5437298642494182,0.7825916437786016,0.0
BaSnAs,0.30189333613327035,1.8532467505919932,0.702847470837717,0.0
Li(Sn5As8)2,0.13602838607862716,0.0,0.40844046000319756,0.0
LiSn9As16,0.15355794416207286,0.0,0.2650844335871182,0.0
Li(Sn3As5)3,0.1525594257860344,0.0,0.2558066205094951,0.0
LiSn9As14,0.13307998459842946,0.0,0.4372042759161472,0.0
Li(Sn4As7)2,0.15391848068706962,0.0,0.24142751079422475,0.0
LiSn8As13,0.13665892003395325,0.0,0.41639354092182956,0.0
LiSn7As13,0.15478339046279793,0.0,0.2650844335871182,0.0
LiSn7As12,0.14213453815696045,0.0,0.3218242468998743,0.0
BaSnAs3,0.10930571603637636,0.0,0.4626107656823031,0.0
Sn3As6Cl,0.15185277635269767,0.0,0.24225618962666484,0.0
Sn3As5Cl,0.13180063883813722,2.2117518294511527,0.5142280281725762,0.0
Sn3As4Cl,0.24094120890228432,1.885981570516706,0.5481195235830123,0.0
Sn2As4Cl,0.18226798058990634,0.0,0.41468865162459667,0.0
Sn2As3Cl,0.31449941636916645,1.822885591071504,0.638044481061643,0.0
Sn2As2Cl,0.31801574799090543,2.109757709555186,0.7815361562977239,0.0
Sn2AsCl,0.5029559960238891,2.092948825602158,0.8121879038940063,0.0
Sn2Cl,0.18216708642588392,0.0,0.09395999313279169,0.0
Ba(Sn5As8)2,0.11804941057658251,0.0,0.4124841967748737,0.0
BaSn5As9,0.12258018508150759,0.0,0.33828286983422906,0.0
Ba(Sn3As5)3,0.13435253288392562,0.0,0.259000834934375,0.0
BaSn9As14,0.11487309169632064,0.0,0.44132033718604224,0.0
Ba(Sn4As7)2,0.1356710974359411,0.0,0.24450116582298764,0.0
BaSn8As13,0.1174450725164131,0.0,0.42046005171729517,0.0
BaSn7As13,0.1355695429452578,0.0,0.26835272335111804,0.0
BaSn7As12,0.12292069063942034,0.0,0.3254822721402201,0.0
BaSn7As11,0.11415283209431298,0.0,0.44254903473847795,0.0
BaSn6As11,0.13533073373708382,0.0,0.26699152765913126,0.0
Ba(Sn3As5)2,0.11475319182894632,0.0,0.38998731447236556,0.0
Ba(Sn2As3)3,0.10912020464181103,1.9956591617605373,0.5595140798082148,0.0
BaSn9As16,0.13535105125996408,0.0,0.26835272335111804,0.0
Sn8As13C,0.13563774656771324,0.0,0.41639354092182956,0.0
Sn9As16Se,0.15450973752875807,0.0,0.3277520457732287,0.0
Sn9As15Se,0.15351121915271962,0.0,0.3172276560139058,0.0
Sn9As14Se,0.13403177796511465,2.2489652370172197,0.512202862750866,0.0
Sn8As14Se,0.15457026846713642,0.0,0.30079147614897817,0.0
Sn8As13Se,0.13608638665389897,0.0,0.4909363123852758,0.0
Sn7As13Se,0.15421085708274365,0.0,0.3277520457732287,0.0
Sn7As12Se,0.14156200477690614,0.0,0.3879828782827819,0.0
Sn7As11Se,0.13279414623179883,0.0,0.4891691794416142,0.0
LiSn7As11,0.1333666796118531,0.0,0.41752741582010766,0.0
Sn6As10Se,0.13343513824311637,0.0,0.4353950930405587,0.0
Sn5As10Se,0.1539865349323229,0.0,0.3251716040363958,0.0
Sn5As9Se,0.14139946437798248,0.0,0.38143483626696906,0.0
Sn5As8Se,0.13028483015315237,2.246988165581473,0.519924738858563,0.0
Sn4As8Se,0.15456675160771952,0.0,0.3428478338962333,0.0
Sn2As4C,0.1681999185155802,0.0,0.4561392972972559,0.0
Sn2As3C,0.22035307435041881,1.8878914983877768,0.5657363996936727,0.0
Sn2As2C,0.3079616506078107,2.1644336939558837,0.7008082993122882,0.0
Sn2AsC,0.4246533772529691,2.1098433658229148,0.7733099336937376,0.0
Sn2C,0.17114915057747568,0.0,0.10498999378207563,0.0
Sn6As11Se,0.1539720478745697,0.0,0.3052444511235721,0.0
LiSn6As11,0.15454458125462397,0.0,0.24748909453852952,0.0
Li(Sn3As5)2,0.13400767162317065,0.0,0.36598641241355545,0.0
Li(Sn2As3)3,0.12527524979504107,2.2436209986510818,0.5342168286804228,0.0
LiSn5As9,0.1395309086236746,0.0,0.2900741899179231,0.0
LiSn5As8,0.12756574099367782,0.0,0.463350445508776,0.0
Li(SnAs2)4,0.15439336431267875,0.0,0.22034449968507808,0.0
LiSn4As7,0.1287893977650969,0.0,0.29726693371520563,0.0
Li(Sn2As3)2,0.11791665717760516,0.0,0.4652231077610509,0.0
Li(SnAs2)3,0.14117636473627007,0.0,0.20691170712129292,0.0
Sn8As14C,0.15412162838095073,0.0,0.24142751079422475,0.0
LiSn3As4,0.22637532410473518,2.118684245712874,0.5153179798791495,0.0
Li(SnAs2)2,0.1692313578928432,0.0,0.39039386413609134,0.0
LiSn2As3,0.2999841482508658,1.9798104244581707,0.6070889509218016,0.0
LiSnAs3,0.12424610009106776,0.0,0.28265289616989775,0.0
LiSnAs2,0.5012721002967202,1.799479220042174,0.7960286444850884,0.0
LiSnAs,0.29012708580903046,1.890865763445216,0.7271427190588841,0.0
Sn10As16C,0.136272024121528,0.0,0.40844046000319756,0.0
Sn9As16C,0.15380158220497372,0.0,0.2650844335871182,0.0
Sn9As15C,0.15280306382893527,0.0,0.2558066205094951,0.0
Sn9As14C,0.1333236226413303,0.0,0.4372042759161472,0.0
LiSn3As5,0.11859357628545604,0.0,0.4615404567639265,0.0
Sn8GeAs14,0.1539449225801727,0.0,0.318149475307135,0.0
Sn8GeAs13,0.13546104076693524,2.2221989309178762,0.5112440782384624,0.0
Sn7GeAs13,0.15261543294238886,0.0,0.3458962127428984,0.0
Sn7GeAs12,0.13907932559584962,0.0,0.4379445417547424,0.0
Sn7GeAs11,0.13031146705074226,2.2912999445058295,0.5605971857871371,0.0
Sn6GeAs11,0.15052241311411071,0.0,0.3506561421447715,0.0
Sn6GeAs10,0.12972229107468936,0.0,0.4866078239942613,0.0
Sn6GeAs9,0.1241986515205411,2.169066419664333,0.6400708632040231,0.0
Sn5GeAs9,0.1375493011552667,0.0,0.43114730531952916,0.0
Sn4As6Cl,0.12941494281495644,2.197606201500896,0.5159846257454619,0.0
Sn4GeAs8,0.15071658838500362,0.0,0.37316611322232485,0.0
Sn4GeAs7,0.12607060496538047,1.9707128991792262,0.5184473481204085,0.0
Sn4GeAs6,0.11044565454543852,1.9348176441990095,0.7279143123309646,0.0
Sn3GeAs6,0.1323459611765688,0.0,0.4294174639700732,0.0
Sn3GeAs5,0.11282626319341604,1.9719987620026125,0.6716575773864777,0.0
Sn3GeAs4,0.22125379372651957,1.6665606904082708,0.69743388868609,0.0
Sn2GeAs4,0.16390500754720708,1.9818563306473982,0.5823929560635187,0.0
Sn2GeAs3,0.29537034178037513,1.58272451006837,0.7468815355527222,0.0
SnGeAs3,0.11662237263209248,1.8424838458646466,0.5400541666669317,0.0
SnGeAs2,0.4951667383888381,1.6721729340237712,0.8138807074101765,0.0
Sn5GeAs8,0.1264346669304366,2.17622521393637,0.5385258971761445,0.0
CoSn7As12,0.1416765261364573,0.0,0.3917610384341993,0.0
CoSn7As11,0.13663470629380148,0.0,0.46046060553046486,0.0
CoSn6As11,0.15438823433394222,0.0,0.2813842623581716,0.0
Co(Sn3As5)2,0.13690476065537993,0.0,0.4073259729290988,0.0
Co(Sn2As3)3,0.1319482446936369,2.212083886068212,0.577257449401213,0.0
CoSn5As9,0.1415937770582119,0.0,0.35465926103255896,0.0
CoSn5As8,0.13182529466327828,0.0,0.4725932257711244,0.0
Co(SnAs2)4,0.15505126797966629,0.0,0.30151221669992656,0.0
CoSn4As7,0.13390173616235237,0.0,0.4268240833435434,0.0
Sn9GeAs14,0.1331469168405523,2.1363367838442273,0.5524782858332075,0.0
Co(SnAs2)3,0.1378450790510631,0.0,0.3190048738855892,0.0
CoSn3As5,0.12394341672914966,2.346511609069643,0.6453619688356671,0.0
CoSn3As4,0.23178888766464373,2.0144514803852593,0.6962930808512016,0.0
Co(SnAs2)2,0.17590044460607854,0.0,0.48082148610015774,0.0
CoSn2As3,0.3076761976030829,1.9545683863805714,0.7365130368048733,0.0
Co(SnAs)2,0.24974244381170405,2.3181613025421703,0.8586739571813945,0.0
CoSn2As,0.4305363455571989,2.306559531567242,0.865365719189791,0.0
Sn10GeAs16,0.13609531832075,0.0,0.46972596882240836,0.0
Sn9GeAs16,0.1536248764041957,0.0,0.31636328452732143,0.0
Sn9GeAs15,0.15262635802815724,0.0,0.3350796057295309,0.0
Co(Sn2As3)2,0.11577668737254816,2.3381378041454264,0.6402044429511151,0.0
VSnAs3,0.11885773846764901,0.0,0.37866397277493236,0.0
VSnAs2,0.36603337643144124,0.0,0.45508076159992794,0.0
VSnAs,0.2228988306697111,0.0,0.22012205671022245,0.0
VSn,0.14490332708269327,0.0,0.10847463128302992,0.0
Sn10As16Cl,0.13635203916157432,0.0,0.3677300403263839,0.0
Sn10As15Cl,0.13331751622642554,0.0,0.369566051108317,0.0
Sn9As15Cl,0.15363057593486257,0.0,0.22453515990735085,0.0
Sn9As14Cl,0.13415113474725762,0.0,0.3955438736537822,0.0
Sn8As14Cl,0.15494914048687802,0.0,0.21141448173810684,0.0
SnGeAs,0.2816037412193001,1.7756647264018401,0.7349538173391261,0.0
Sn8As12Cl,0.13041413566326793,0.0,0.3764877047970586,0.0
Sn7As12Cl,0.13857374344872808,0.0,0.2855793353420406,0.0
Sn7As11Cl,0.14035056668712215,0.0,0.38672339352951945,0.0
Sn6As11Cl,0.16152846832989334,0.0,0.214192182806072,0.0
Sn6As10Cl,0.1409915586984396,0.0,0.3236027649129495,0.0
Sn6As9Cl,0.13548537234372268,0.0,0.48732570371097883,0.0
Sn5As9Cl,0.14746024092226678,0.0,0.27670724464106944,0.0
Sn5As8Cl,0.13634560669743678,0.0,0.38415004818995657,0.0
Sn5As7Cl,0.11366935043339982,0.0,0.4678909227700947,0.0
Sn4As7Cl,0.13591373201635207,0.0,0.341401751776196,0.0
Sn8As13Cl,0.1330981253257209,0.0,0.37539345270983904,0.0
V(Sn5As8)2,0.1289806862382298,0.0,0.42336563441686026,0.0
VSn9As16,0.14651024432167556,0.0,0.2791533216395107,0.0
V(Sn3As5)3,0.14551172594563705,0.0,0.26767807558739265,0.0
VSn9As14,0.12603228475803213,0.0,0.45237675039625724,0.0
V(Sn4As7)2,0.14891348392570739,0.0,0.2791533216395107,0.0
VSn8As13,0.13454997759476897,0.0,0.3679740734984941,0.0
VSn7As13,0.15267444802361366,0.0,0.21262348089109362,0.0
VSn7As12,0.13864751338327333,0.0,0.26028741221300933,0.0
VSn7As11,0.12679357930245966,0.0,0.34705576014060624,0.0
VSn6As11,0.1479714809452305,0.0,0.2181698680635299,0.0
VSn2As3,0.22589515390240344,2.245380811698102,0.5283698996404484,0.0
V(SnAs2)5,0.14895228467071944,0.0,0.25751832570909505,0.0
VSn5As9,0.13636521411637914,0.0,0.30536847023105684,0.0
VSn5As8,0.12877136020662006,0.0,0.4220126769427337,0.0
V(SnAs2)4,0.14963520883508044,0.0,0.26206006315068964,0.0
VSn4As7,0.11121130934280561,0.0,0.3143379774894556,0.0
V(Sn2As3)2,0.11271447490539636,0.0,0.48240431542877193,0.0
V(SnAs2)3,0.12307885953088461,0.0,0.18578096723941362,0.0
VSn3As5,0.11587335100425021,2.6023656268017894,0.5388082993072633,0.0
VSn2As5,0.13633522721795058,0.0,0.297243777163149,0.0
V(SnAs2)2,0.16397829416651422,0.0,0.4113872613088223,0.0
V(Sn3As5)2,0.12743457131377717,0.0,0.34657222843698565,0.0
Sn9As15F,0.154982396360327,0.0,0.2558066205094951,0.0
Sn9As14F,0.135502955172722,0.0,0.4372042759161472,0.0
Sn8As14F,0.1567647660417977,0.0,0.24142751079422475,0.0
Sn8As13F,0.13828088422856022,0.0,0.41639354092182956,0.0
Sn7As13F,0.15640535465740493,0.0,0.2650844335871182,0.0
Sn7As12F,0.14375650235156723,0.0,0.3218242468998743,0.0
Sn7As11F,0.1350065848168593,0.0,0.3885171118213785,0.0
Sn6As11F,0.15618448645963015,0.0,0.2257150112198254,0.0
Sn6As10F,0.1356475768281768,0.0,0.33847623528557746,0.0
Sn4As7Au,0.12885324945419088,0.0,0.4152465093306422,0.0
Sn5As9F,0.14347457008073794,0.0,0.264365187364647,0.0
Sn5As8F,0.1323599358559079,0.0,0.36946363352388045,0.0
Sn4As8F,0.15664185731047509,0.0,0.22013349778515368,0.0
Sn4As7F,0.1317676343391642,0.0,0.3046844158785188,0.0
Sn4As6F,0.12089489375167242,0.0,0.4740046566071082,0.0
Sn3As6F,0.14330406790517067,0.0,0.21275720760609707,0.0
Sn3As5F,0.1232755023996499,0.0,0.47225153253697516,0.0
Sn3As4F,0.231228545720272,2.0866165401343615,0.5062597096402148,0.0
Sn2As4F,0.12857472029545036,0.0,0.3745721729298118,0.0
Sn2As3F,0.27767956475251493,1.992917040933079,0.5589231919999941,0.0
Sn6As9F,0.13012393727402854,2.232892204061871,0.5041158389388648,0.0
ZrSn7As13,0.1517581735988995,0.0,0.29610336272193416,0.0
ZrSn7As12,0.13910932129306214,0.0,0.356264016102813,0.0
ZrSn7As11,0.12883249826265153,0.0,0.4553324946733085,0.0
ZrSn6As11,0.1492701104389592,0.0,0.2772257698608387,0.0
Zr(Sn3As5)2,0.12947349027396907,0.0,0.4023483304608344,0.0
Zr(Sn2As3)3,0.1250798361671417,2.1064847168165786,0.6119619614825353,0.0
ZrSn5As9,0.13656591123818573,0.0,0.38827257648351743,0.0
ZrSn5As8,0.1252986288256059,2.1399054710650756,0.5339550952412051,0.0
Zr(SnAs2)4,0.148748903222027,0.0,0.3556396057368575,0.0
Sn9As16F,0.15598091473636547,0.0,0.2650844335871182,0.0
Zr(Sn2As3)2,0.11575270986209671,2.2888993531608235,0.6524095555974598,0.0
Zr(SnAs2)3,0.1378391981996683,0.0,0.23533768400849642,0.0
ZrSn3As5,0.11769706186501239,2.2164482545013415,0.6133099821120366,0.0
ZrSn2As5,0.15284265578761716,0.0,0.34980271388005413,0.0
Zr(SnAs2)2,0.17457663046636868,0.0,0.4761676377166374,0.0
ZrSn2As3,0.308937878323305,1.721130021895947,0.6579209030426262,0.0
ZrSnAs3,0.1265718485623015,0.0,0.39657182682146686,0.0
ZrSnAs2,0.5057537269875299,1.9608250191975993,0.6790445420782145,0.0
ZrSnAs,0.2922166022244718,2.0085695407759894,0.5195991925066328,0.0
Sn10As16F,0.13845135665291977,0.0,0.40844046000319756,0.0
ZrSn4As7,0.12662545044958845,2.285993397164066,0.5105471263439374,0.0
CsSn3As5,0.12033251491556704,2.0461111623181942,0.5337945919138505,0.0
CsSn2As5,0.15525988781151068,0.0,0.29595017462513173,0.0
Cs(SnAs2)2,0.1709747656111006,0.0,0.4338503886106866,0.0
CsSn2As3,0.30309037079042944,1.836918643215294,0.6429776881375722,0.0
CsSnAs3,0.12433630907005008,0.0,0.3822096361946451,0.0
CsSnAs2,0.5030639954170522,1.8860749602926257,0.7500106867738656,0.0
CsSnAs,0.2845537425447058,2.0420982863923323,0.6215946438112008,0.0
Ti(Sn5As8)2,0.12874823749977765,0.0,0.43084305119298216,0.0
TiSn9As16,0.14627779558322324,0.0,0.2833908784621788,0.0
SnAs3F,0.013241455521171265,0.0,0.3240192380885206,0.0
TiSn9As14,0.12579983601957995,0.0,0.4599578443989958,0.0
Ti(Sn4As7)2,0.14659784175920032,0.0,0.25867527073741214,0.0
TiSn8As13,0.12811395994596286,0.0,0.43890869769871055,0.0
TiSn7As13,0.1462384303748075,0.0,0.2833908784621788,0.0
TiSn7As12,0.13358957806897015,0.0,0.3422244250103219,0.0
TiSn7As11,0.12482171952386281,0.0,0.4400576530930267,0.0
TiSn6As11,0.14478201944177976,0.0,0.2650186081213852,0.0
Ti(Sn3As5)2,0.12419902126756158,0.0,0.38758609934979604,0.0
Ti(Sn2As3)3,0.12311504593583789,1.7563166966360613,0.5570221916897702,0.0
TiSn5As9,0.1353084250022468,0.0,0.33602464324441483,0.0
Ti(Sn3As5)3,0.14527927720718484,0.0,0.273710976952357,0.0
SnAs2F,0.39185265042505374,2.3399938115267513,0.8089092061867371,0.0
SnAsF,0.17155593612490042,2.3678819603182735,0.698589653969844,0.0
SnF,0.021572075550796613,3.425589149684789,0.5257005101234593,0.0
Cs(Sn5As8)2,0.13613603228691618,0.0,0.40811139039669053,0.0
CsSn9As16,0.15366559037036187,0.0,0.26481915790507804,0.0
Cs(Sn3As5)3,0.15266707199432342,0.0,0.255547400893123,0.0
CsSn8As15,0.15322423181518086,0.0,0.2447177956503589,0.0
Cs(Sn4As7)2,0.15398563654633887,0.0,0.24117813998019189,0.0
CsSn8As13,0.13564644868215683,0.0,0.416062570387726,0.0
Cs(SnAs2)3,0.14089458796933085,0.0,0.25694800948145313,0.0
CsSn7As12,0.14111530662734897,0.0,0.3215270321602648,0.0
CsSn7As11,0.13234744808224164,0.0,0.41719618829937655,0.0
CsSn6As11,0.1535253497250125,0.0,0.2472355033101108,0.0
Cs(Sn3As5)2,0.13298844009355917,0.0,0.365670403764054,0.0
Cs(SnAs2)5,0.15353137087034296,0.0,0.26481915790507804,0.0
CsSn5As9,0.14094430031600255,0.0,0.3155223475115956,0.0
CsSn5As8,0.12982966609117239,0.0,0.4290954564444359,0.0
Cs(SnAs2)4,0.1541115875457396,0.0,0.2475048263306917,0.0
CsSn4As7,0.12935815440332438,0.0,0.3592556094588626,0.0
CsSn3As7,0.15328715458228923,0.0,0.25493342746079284,0.0
CsSn7As13,0.15376415893318646,0.0,0.26481915790507804,0.0
Sn2As5I,0.1505028400082034,0.0,0.31922716883931135,0.0
Sn2As4I,0.16621771780779337,0.0,0.46087358305580606,0.0
Sn2As3I,0.30009980227266747,1.9807494283949492,0.6439656493542789,0.0
SnAs3I,0.12140883032780939,0.0,0.4062386705869193,0.0
SnAs2I,0.5659317212834096,2.1047283195784305,0.8219929937231748,0.0
SnAsI,0.35738066178201994,2.187564914616679,0.7165803792060955,0.0
SnI,0.21719733320774337,2.188173633285046,0.5473238426863454,0.0
Ca(Sn5As8)2,0.134323930797057,0.0,0.3974781699372324,0.0
CaSn9As16,0.1533331966251241,0.0,0.25630270165712143,0.0
ZrSn8As13,0.13296043821941453,0.0,0.4258849332435568,0.0
CaSn9As14,0.13284690029728197,0.0,0.42602595952407474,0.0
Ca(Sn4As7)2,0.15364490603690234,0.0,0.2331808246285475,0.0
CaSn8As13,0.1351610242236649,0.0,0.4053640648854908,0.0
CaSn7As13,0.1534959706673576,0.0,0.2812897153545899,0.0
CaSn7As12,0.14054195575004633,0.0,0.33469843461459414,0.0
CaSn7As11,0.13177409720493904,0.0,0.38317508856946136,0.0
CaSn6As11,0.14054083367371148,0.0,0.22179952543539516,0.0
Ca(Sn3As5)2,0.11857839036852715,0.0,0.33344706262626644,0.0
Ca(Sn2As3)3,0.1130547508143789,0.0,0.498319882958847,0.0
CaSn5As9,0.12640538362108855,0.0,0.2857275717112868,0.0
Ca(Sn3As5)3,0.1523263414848869,0.0,0.24722884860138084,0.0
NiSnAs2,0.4916897459742882,1.6767950365008935,0.5868568084372854,0.0
NiSnAs,0.2998487504138527,0.0,0.40545679833952764,0.0
Sn10As16I,0.13634417217740766,0.0,0.40844046000319756,0.0
Sn9As16I,0.15387373026085335,0.0,0.2650844335871182,0.0
Sn9As15I,0.1528752118848149,0.0,0.2558066205094951,0.0
Sn9As14I,0.13339577069720995,0.0,0.4372042759161472,0.0
Sn8As14I,0.15181598339587268,0.0,0.24142751079422475,0.0
Sn8As13I,0.13333210158263525,0.0,0.41639354092182956,0.0
Sn7As13I,0.15145657201147988,0.0,0.2650844335871182,0.0
Sn3As5I,0.11557546711225986,2.398170444534858,0.560875775899895,0.0
Sn7As11I,0.1299487309929416,0.0,0.41752741582010766,0.0
Sn6As11I,0.1511266326357124,0.0,0.24748909453852952,0.0
Sn6As10I,0.13058972300425914,0.0,0.36598641241355545,0.0
Sn6As9I,0.12506608345011092,2.255805175784256,0.5342168286804228,0.0
Sn5As9I,0.1384167162568204,0.0,0.3158165953313147,0.0
Sn5As8I,0.12730208203199028,0.0,0.4294291701734586,0.0
Sn4As8I,0.15169710753729257,0.0,0.266090242551969,0.0
Sn4As7I,0.12669059511931002,0.0,0.38479042511271133,0.0
Sn4As6I,0.11583495282417193,2.3929113431863973,0.5626071691535551,0.0
Sn3As6I,0.1361084227591499,0.0,0.27837029208968944,0.0
Sn7As12I,0.1388077197056425,0.0,0.3218242468998743,0.0
Sn6As10Pb,0.13918279042028417,0.0,0.31835981482467357,0.0
Sn6As9Pb,0.1337488300621031,0.0,0.4813177158396672,0.0
Sn5As9Pb,0.14709946286881245,0.0,0.27191864250560127,0.0
Sn5As8Pb,0.1374676491158854,0.0,0.37847502301936653,0.0
Sn4As8Pb,0.15992385978513995,0.0,0.22681281790248597,0.0
Sn4As7Pb,0.1351704266427246,0.0,0.3606656907150029,0.0
Sn4As6Pb,0.12390497888630761,2.4208692113254178,0.5370663834269434,0.0
Sn3As6Pb,0.15060379840431756,0.0,0.22131888111689735,0.0
Sn3As5Pb,0.11382244338201147,2.512098049404473,0.5093069405568815,0.0
CaSn5As8,0.11529074939625826,0.0,0.40032811943975477,0.0
Sn2As4Pb,0.14314795688745435,0.0,0.4708915324111904,0.0
Sn2As3Pb,0.2775269136706587,1.9895603544626559,0.6554342244618256,0.0
SnAs3Pb,0.10090754072709676,0.0,0.38766004556063427,0.0
SnAs2Pb,0.4893183376710368,2.135799516521578,0.7373482938921269,0.0
SnAsPb,0.27278045484283614,2.182153425378259,0.5656573531511261,0.0
Zr(Sn5As8)2,0.13608680041891233,0.0,0.4178803730850106,0.0
ZrSn9As16,0.15361635850235802,0.0,0.27273866731581775,0.0
Zr(Sn3As5)3,0.1503107364819475,0.0,0.2632889351946277,0.0
ZrSn9As14,0.13064631429303158,0.0,0.4468068614023747,0.0
Zr(Sn4As7)2,0.15155937929199872,0.0,0.24862975340589077,0.0
Sn2As5Pb,0.14928055830237333,0.0,0.29593537404537407,0.0
Ca(SnAs2)4,0.14195636970285658,0.0,0.2390833060428822,0.0
CaSn4As7,0.11720293656044126,0.0,0.34751261051186555,0.0
Ca(Sn2As3)2,0.09699525018867905,2.6484854177430583,0.5227401036937623,0.0
Ca(SnAs2)3,0.11609702232891249,0.0,0.2680974013234281,0.0
CaSn3As5,0.07269881924526762,2.6653656649836464,0.5589140043331612,0.0
CaSn3As4,0.18194462972374553,2.299302006581576,0.5758826306372039,0.0
Ca(SnAs2)2,0.12167568728185814,0.0,0.45889606256338134,0.0
CaSn2As3,0.2571976838362894,2.074841183063004,0.6265972814911858,0.0
CaSnAs3,0.07517393711760827,0.0,0.4018959387592693,0.0
Sn6As11Pb,0.15974510335134873,0.0,0.2101710819955428,0.0
CaSnAs,0.2384345840880172,2.418865859976155,0.6605715889421809,0.0
Sn10As16Pb,0.1422264603782086,0.0,0.36778245587557,0.0
Sn9As16Pb,0.15975601846165435,0.0,0.2330742395408696,0.0
Sn9As15Pb,0.1587575000856159,0.0,0.17331113674662435,0.0
Sn9As14Pb,0.13924544052385968,0.0,0.32148035710241585,0.0
Sn8As14Pb,0.15981113715244577,0.0,0.162556264951342,0.0
Sn8As13Pb,0.1413272553392081,0.0,0.3032103350809534,0.0
Sn7As13Pb,0.1596754190300511,0.0,0.1803219142906619,0.0
Sn7As12Pb,0.14733506025368487,0.0,0.22446006119476136,0.0
Sn7As11Pb,0.13856720170857773,0.0,0.3691198584753783,0.0
CaSnAs2,0.4598633494012063,2.239575515540635,0.792584789492424,0.0
Sn8BiAs15,0.1532165573904475,0.0,0.24496964483983907,0.0
Sn8BiAs14,0.15397796212160553,0.0,0.24142751079422475,0.0
Sn8BiAs13,0.13549408030836804,0.0,0.41639354092182956,0.0
Sn7BiAs13,0.15361855073721276,0.0,0.2650844335871182,0.0
Sn7BiAs12,0.14096969843137527,0.0,0.3218242468998743,0.0
Sn6BiAs12,0.15329512000783382,0.0,0.24496964483983907,0.0
Sn6BiAs11,0.1533797415290388,0.0,0.24748909453852952,0.0
Sn6BiAs10,0.13284283189758547,0.0,0.36598641241355545,0.0
Sn5BiAs10,0.15325689570448708,0.0,0.2650844335871182,0.0
TiSn5As8,0.12519860069562536,0.0,0.35317057410872577,0.0
Sn5BiAs8,0.12986362237481414,0.0,0.4294291701734586,0.0
Sn4BiAs8,0.15412589250215908,0.0,0.266090242551969,0.0
Sn4BiAs7,0.12874330571245998,0.0,0.38479042511271133,0.0
Sn3BiAs7,0.15265265456420257,0.0,0.27625019396258743,0.0
Sn3BiAs6,0.14014989347441167,0.0,0.27837029208968944,0.0
Sn3BiAs5,0.12091496164967254,2.337345507344595,0.5940366962136256,0.0
Sn2BiAs5,0.15596973244050222,0.0,0.3050570219996287,0.0
Sn2BiAs4,0.1717614389198341,0.0,0.4494939494352128,0.0
Sn2BiAs3,0.3036853597214014,1.854688244951865,0.6047520783603307,0.0
SnBiAs3,0.1248153949179302,0.0,0.3665956828583772,0.0
Sn5BiAs9,0.14095860527242202,0.0,0.3158165953313147,0.0
LaSnAs3,0.11597368127859303,0.0,0.2732106798161653,0.0
LaSnAs2,0.4945514327150316,2.0979388623634136,0.7682576022087017,0.0
LaSnAs,0.27806292758961093,2.304005451228235,0.5998508424728892,0.0
Sn16As11,0.12857775929571982,0.0,0.305417177622883,0.0
Sn15As11,0.12053960870886446,0.0,0.2822354399048599,0.0
Sn14As11,0.12040005107940456,0.0,0.3437106754084136,0.0
Sn13As10,0.12040005107940456,0.0,0.43801958613527914,0.0
Sn13As9,0.12789519714543074,0.0,0.30040268163033046,0.0
Sn11As8,0.12287451698403291,0.0,0.29641834497118713,0.0
Sn9BiAs15,0.15265939756959007,0.0,0.2558066205094951,0.0
Sn9As7,0.12040005107940456,0.0,0.3437106754084136,0.0
Sn7As6,0.11717128305482523,0.0,0.42067199916685283,0.0
Sn7As5,0.12234602965051158,0.0,0.30040268163033046,0.0
Sn6As5,0.11868153898171159,0.0,0.42067199916685283,0.0
Sn5As4,0.11982319326216938,0.0,0.3186579784248552,0.0
Sn5As3,0.11566251073335398,0.0,0.20722915689732158,0.0
Sn3As2,0.1264998216761585,0.0,0.2622140912852887,0.0
Sn2As,0.10868319322960024,0.0,0.07208377798462884,0.0
Sn10BiAs16,0.13612835786218283,0.0,0.40844046000319756,0.0
Sn9BiAs16,0.15365791594562853,0.0,0.2650844335871182,0.0
Sn10As7,0.12612837914453837,0.0,0.30040268163033046,0.0
Y(SnAs2)2,0.16643863495865616,0.0,0.34034609270670335,0.0
YSn2As3,0.295477556964793,1.51164449468805,0.5569859038310112,0.0
YSnAs3,0.11975091793327941,0.0,0.396365494214612,0.0
YSnAs2,0.507626058426727,1.234224354916473,0.8426488421006244,0.0
YSnAs,0.2759012446660141,1.3290088876843447,0.7666930935830653,0.0
Sn10As16Au,0.1358383717213293,0.0,0.439431383751379,0.0
Sn9As16Au,0.15336792980477498,0.0,0.29054035988211513,0.0
Sn9As15Au,0.15236941142873653,0.0,0.2807119122327858,0.0
Sn9As14Au,0.13288997024113158,0.0,0.468648665020273,0.0
SnBiAs2,0.503647188592066,1.8020100520263351,0.8362794409432361,0.0
Sn8As13Au,0.13520409416751453,0.0,0.44753138777317913,0.0
Sn7As13Au,0.1533285645963592,0.0,0.29054035988211513,0.0
Sn7As12Au,0.14067971229052173,0.0,0.3501329681529701,0.0
Sn7As11Au,0.1319118537454144,0.0,0.44868486515547723,0.0
Sn6As11Au,0.15311038008325598,0.0,0.27188043958716146,0.0
Sn6As10Au,0.13257347045180265,0.0,0.3959119651549674,0.0
Sn6As9Au,0.1270498308976544,2.221609226801724,0.5656261277111516,0.0
Sn5As9Au,0.14043939536686903,0.0,0.34386481248728384,0.0
Sn5As8Au,0.1293247611420389,0.0,0.460772188063558,0.0
Sn4As8Au,0.1536066825966061,0.0,0.2916044316499993,0.0
Sn8As14Au,0.15368797598075198,0.0,0.26543217544247755,0.0
SnBiAs,0.2954667282888329,2.058787188491485,0.6524197580204049,0.0
Y(Sn5As8)2,0.13373762291111607,0.0,0.3507944676269771,0.0
YSn9As16,0.1512671809945618,0.0,0.2351450608477813,0.0
Y(Sn3As5)3,0.15026866261852329,0.0,0.2265920288762867,0.0
YSn8As15,0.15082582243938075,0.0,0.21663242361480273,0.0
Y(Sn4As7)2,0.1516240680109305,0.0,0.2133842312733143,0.0
YSn8As13,0.13314018619769305,0.0,0.35830495253420147,0.0
YSn7As13,0.15126465662653774,0.0,0.21516989584584212,0.0
YSn7As12,0.1423051036048496,0.0,0.26507941010604275,0.0
YSn2As5,0.15015900382026914,0.0,0.27191310162153126,0.0
YSn6As11,0.15164518958461706,0.0,0.1999861248536755,0.0
Y(Sn3As5)2,0.13148479609289052,0.0,0.2871712245380378,0.0
Y(SnAs2)5,0.15086584971458422,0.0,0.2362566874841645,0.0
YSn5As9,0.13827877916024386,0.0,0.26584478265637657,0.0
YSn5As8,0.12719632618105062,0.0,0.3515392043944391,0.0
Y(SnAs2)4,0.15149929855170163,0.0,0.22144005663563326,0.0
YSn4As7,0.12711846162626725,0.0,0.3105896767380022,0.0
Y(Sn2As3)2,0.11610619727794588,0.0,0.4436987058309062,0.0
Y(SnAs2)3,0.13865489519227367,0.0,0.21357763471419522,0.0
YSn3As5,0.11875584274284487,0.0,0.4549003666525344,0.0
YSn7As11,0.1335455658884134,0.0,0.33345041970952294,0.0
Sn6SbAs11,0.15354756888823193,0.0,0.2167793436645844,0.0
Sn6SbAs10,0.13715222960415657,0.0,0.326961592830865,0.0
Sn6SbAs9,0.13105071652456723,0.0,0.4911499409870216,0.0
Sn5SbAs9,0.1440893642714507,0.0,0.2797806581283434,0.0
Sn5SbAs8,0.1316124410918094,0.0,0.38777703678224096,0.0
Sn4SbAs8,0.15436872557668632,0.0,0.2219854202453997,0.0
Sn4SbAs7,0.13110276050850095,0.0,0.329853630293092,0.0
Sn4SbAs6,0.12055789591385392,2.494996172414338,0.5276036588458838,0.0
Sn3SbAs6,0.14114485859272374,0.0,0.2936224636556639,0.0
LaSn2As3,0.2967379141636759,0.0,0.44438327279934664,0.0
Sn2SbAs5,0.15647604351602712,0.0,0.2943893017682585,0.0
Sn2SbAs4,0.17327938351649141,0.0,0.4533815363444932,0.0
Sn2SbAs3,0.30318981531123185,1.9471017810370614,0.5692886634141452,0.0
SnSbAs3,0.12489833583912636,0.0,0.34547033649083014,0.0
SnSbAs2,0.5025936955639343,2.0440877361345713,0.7931749798854137,0.0
SnSbAs,0.2739701464266832,2.1623786930808286,0.6343838828300321,0.0
Ta(Sn5As8)2,0.1361172322626132,0.0,0.40844046000319756,0.0
TaSn9As16,0.1536467903460589,0.0,0.2650844335871182,0.0
Ta(Sn3As5)3,0.15264827197002045,0.0,0.2558066205094951,0.0
TaSn8As15,0.1532054317908779,0.0,0.24496964483983907,0.0
Sn3SbAs5,0.12251288861158319,2.4812033939495897,0.5104240987000551,0.0
Ti(SnAs2)4,0.1488395339075289,0.0,0.20825080302374566,0.0
TiSn4As7,0.12520589160591267,0.0,0.31212248203830706,0.0
Ti(Sn2As3)2,0.11437687565137453,0.0,0.4827066388568638,0.0
Ti(SnAs2)3,0.1356225343311203,0.0,0.2443463042577213,0.0
TiSn3As5,0.06935208984058785,0.0,0.42754842663129644,0.0
TiSn2As5,0.10029365803863477,0.0,0.20328968804214365,0.0
Ti(SnAs2)2,0.11563835241374054,0.0,0.3174837387291979,0.0
TiSn2As3,0.2029387823401086,0.0,0.4127439040584219,0.0
TiSnAs3,0.07567928219925626,1.9392231202795915,0.5144885713605999,0.0
Sn7SbAs11,0.13236966724546104,0.0,0.3762684026217398,0.0
TiSnAs,0.2343689516729828,1.9590604314481894,0.6294830592477103,0.0
TiSn,0.1058761217681275,2.0397518231403335,0.5030741243419989,0.0
Sn10SbAs16,0.13629618522137593,0.0,0.34843114357322424,0.0
Sn9SbAs16,0.15382574330482165,0.0,0.21836268190901487,0.0
Sn9SbAs15,0.1528272249287832,0.0,0.2102522797175067,0.0
Sn9SbAs14,0.13334778374117823,0.0,0.3756525321987987,0.0
Sn8SbAs14,0.15414578948079866,0.0,0.19775338132089948,0.0
Sn8SbAs13,0.13566190766756117,0.0,0.3559187699257803,0.0
Sn7SbAs13,0.15378637809640588,0.0,0.21836268190901487,0.0
Sn7SbAs12,0.1411375257905684,0.0,0.28538874932926994,0.0
TiSnAs2,0.44454964000572716,1.7567208526213365,0.8702844316749452,0.0
LaSn9As16,0.14475056715552417,0.0,0.24401438759766947,0.0
La(Sn3As5)3,0.14432807312959534,0.0,0.23523796872356906,0.0
LaSn9As14,0.12484863194199049,0.0,0.4100873903817528,0.0
La(Sn4As7)2,0.14507061333150126,0.0,0.22167065223979554,0.0
LaSn8As13,0.12716275586837342,0.0,0.38967370460670325,0.0
LaSn7As13,0.14471120194710838,0.0,0.24401438759766947,0.0
LaSn7As12,0.13263837399138065,0.0,0.30818841708700173,0.0
LaSn7As11,0.1262961659307631,0.0,0.40224170675888005,0.0
LaSn6As11,0.14694141232739705,0.0,0.23590726635400816,0.0
Ta(Sn4As7)2,0.1539668365220359,0.0,0.24142751079422475,0.0
La(Sn2As3)3,0.12141351838793228,2.2595810778231287,0.5435991289139697,0.0
LaSn5As9,0.1348075202986146,0.0,0.3240315780145633,0.0
LaSn5As8,0.12364951696981165,0.0,0.40988394983234067,0.0
La(SnAs2)4,0.1479748075283516,0.0,0.25071262821754026,0.0
LaSn4As7,0.12317800528196363,0.0,0.3659737405616116,0.0
La(Sn2As3)2,0.11230526469447186,2.339566395595797,0.5427665672862089,0.0
La(SnAs2)3,0.13471751698256654,0.0,0.2828382581585642,0.0
LaSn3As5,0.11474411469592594,0.0,0.48514718427812087,0.0
LaSn2As5,0.14948271085758483,0.0,0.18658081980732666,0.0
La(SnAs2)2,0.16515421955320211,0.0,0.27431563420163474,0.0
La(Sn3As5)2,0.12698052704605334,0.0,0.3747915290359627,0.0
TaSn8As13,0.13548295470879845,0.0,0.41639354092182956,0.0
TaSn7As13,0.15360742513764314,0.0,0.2650844335871182,0.0
TaSn7As12,0.11152180866075703,0.0,0.28554197113332025,0.0
TaSn7As11,0.10277790534503999,0.0,0.37644471374699484,0.0
TaSn6As11,0.10629780989814772,0.0,0.21690691064940004,0.0
Ta(Sn3As5)2,0.08573730470423413,0.0,0.3420221511555299,0.0
Ta(SnAs2)5,0.1061513685111359,0.0,0.24517220261652928,0.0
TaSn5As9,0.09356429795679534,0.0,0.29361605326774576,0.0
TaSn5As8,0.0824496637319651,0.0,0.4039575516337598,0.0
Ta(SnAs2)4,0.10673158518653256,0.0,0.2461277618073625,0.0
La(Sn5As8)2,0.1277970334221882,0.0,0.38189701263122944,0.0
Ta(Sn2As3)2,0.01881310653596144,2.457427313382387,0.5366661457088788,0.0
Ta(SnAs2)3,0.041289546836274865,0.0,0.2084721801246301,0.0
TaSn3As5,0.021538982114801916,0.0,0.4658327332818426,0.0
TaSn2As5,0.056466355010745865,0.0,0.2611578319404012,0.0
Ta(SnAs2)2,0.0721812328103358,0.0,0.3754023922323372,0.0
TaSn2As3,0.2213444928129902,1.914158793376726,0.5564481055091546,0.0
TaSnAs3,0.025652632122884732,0.0,0.32479559792713075,0.0
TaSnAs2,0.42027012084919385,2.0385686613538665,0.7391697404665288,0.0
TaSnAs,0.20718619170399197,0.0,0.21660411089283826,0.0
TaSn,0.04248542782961197,0.0,0.11553724383274344,0.0
TaSn4As7,0.08194912367645503,0.0,0.360294599341636,0.0
